1,normal,15,pyme,casa-K,1
2,normal,8,pyme,casa-A,1
1,normal,15,pyme,casa-K,1
2,normal,8,pyme,casa-A,1
1,normal,15,pyme,casa-K,1
6,normal,50,pyme,casa-B,1
1,normal,15,pyme,casa-K,1
1,normal,15,pyme,casa-K,2
1,normal,15,pyme,casa-K,3
1,normal,15,pyme,casa-K,4
1,normal,15,pyme,casa-K,5
1,normal,15,pyme,casa-K,6
1,normal,15,pyme,casa-K,7
1,normal,15,pyme,casa-K,8
1,normal,15,pyme,casa-K,9
1,normal,15,pyme,casa-K,10
1,normal,15,pyme,casa-K,11
1,normal,15,pyme,casa-K,12
1,normal,15,pyme,casa-K,13
1,normal,15,pyme,casa-K,14
1,normal,15,pyme,casa-K,15
1,normal,15,pyme,casa-K,16
1,normal,15,pyme,casa-K,17
1,normal,15,pyme,casa-K,18
1,normal,15,pyme,casa-K,19
1,normal,15,pyme,casa-K,20
1,normal,15,pyme,casa-K,21
1,normal,15,pyme,casa-K,22
1,normal,15,pyme,casa-K,23
1,normal,15,pyme,casa-K,24
1,normal,15,pyme,casa-K,25
1,normal,15,pyme,casa-K,26
1,normal,15,pyme,casa-K,27
1,normal,15,pyme,casa-K,28
1,normal,15,pyme,casa-K,29
1,normal,15,pyme,casa-K,30
1,normal,15,pyme,casa-K,31
1,normal,15,pyme,casa-K,32
1,normal,15,pyme,casa-K,33
1,normal,15,pyme,casa-K,34
1,normal,15,pyme,casa-K,35
1,normal,15,pyme,casa-K,36
1,normal,15,pyme,casa-K,37
1,normal,15,pyme,casa-K,38
1,normal,15,pyme,casa-K,39
1,normal,15,pyme,casa-K,40
1,normal,15,pyme,casa-K,41
1,normal,15,pyme,casa-K,42
1,normal,15,pyme,casa-K,43
1,normal,15,pyme,casa-K,44
1,normal,15,pyme,casa-K,45
1,normal,15,pyme,casa-K,46
1,normal,15,pyme,casa-K,47
1,normal,15,pyme,casa-K,48
1,normal,15,pyme,casa-K,49
1,normal,15,pyme,casa-K,50
1,normal,15,pyme,casa-K,51
1,normal,15,pyme,casa-K,52
1,normal,15,pyme,casa-K,53
1,normal,15,pyme,casa-K,54
1,normal,15,pyme,casa-K,55
1,normal,15,pyme,casa-K,56
1,normal,15,pyme,casa-K,57
1,normal,15,pyme,casa-K,58
1,normal,15,pyme,casa-K,59
1,normal,15,pyme,casa-K,60
1,normal,15,pyme,casa-K,61
1,normal,15,pyme,casa-K,62
1,normal,15,pyme,casa-K,63
1,normal,15,pyme,casa-K,64
1,normal,15,pyme,casa-K,65
1,normal,15,pyme,casa-K,66
1,normal,15,pyme,casa-K,67
1,normal,15,pyme,casa-K,68
1,normal,15,pyme,casa-K,69
1,normal,15,pyme,casa-K,70
1,normal,15,pyme,casa-K,71
1,normal,15,pyme,casa-K,72
1,normal,15,pyme,casa-K,73
1,normal,15,pyme,casa-K,74
1,normal,15,pyme,casa-K,75
1,normal,15,pyme,casa-K,76
1,normal,15,pyme,casa-K,77
1,normal,15,pyme,casa-K,78
1,normal,15,pyme,casa-K,79
1,normal,15,pyme,casa-K,80
1,normal,15,pyme,casa-K,81
1,normal,15,pyme,casa-K,82
1,normal,15,pyme,casa-K,83
1,normal,15,pyme,casa-K,84
1,normal,15,pyme,casa-K,85
1,normal,15,pyme,casa-K,86
1,normal,15,pyme,casa-K,87
1,normal,15,pyme,casa-K,88
1,normal,15,pyme,casa-K,89
1,normal,15,pyme,casa-K,90
1,normal,15,pyme,casa-K,91
1,normal,15,pyme,casa-K,92
1,normal,15,pyme,casa-K,93
1,normal,15,pyme,casa-K,94
1,normal,15,pyme,casa-K,95
1,normal,15,pyme,casa-K,96
1,normal,15,pyme,casa-K,97
1,normal,15,pyme,casa-K,98
1,normal,15,pyme,casa-K,99
1,normal,15,pyme,casa-K,100
1,normal,15,pyme,casa-K,101
1,normal,15,pyme,casa-K,102
1,normal,15,pyme,casa-K,103
1,normal,15,pyme,casa-K,104
1,normal,15,pyme,casa-K,105
1,normal,15,pyme,casa-K,106
1,normal,15,pyme,casa-K,107
1,normal,15,pyme,casa-K,108
1,normal,15,pyme,casa-K,109
1,normal,15,pyme,casa-K,110
1,normal,15,pyme,casa-K,111
1,normal,15,pyme,casa-K,112
1,normal,15,pyme,casa-K,113
1,normal,15,pyme,casa-K,114
1,normal,15,pyme,casa-K,115
1,normal,15,pyme,casa-K,116
1,normal,15,pyme,casa-K,117
1,normal,15,pyme,casa-K,118
1,normal,15,pyme,casa-K,119
1,normal,15,pyme,casa-K,120
1,normal,15,pyme,casa-K,121
1,normal,15,pyme,casa-K,122
1,normal,15,pyme,casa-K,123
1,normal,15,pyme,casa-K,124
1,normal,15,pyme,casa-K,125
1,normal,15,pyme,casa-K,126
1,normal,15,pyme,casa-K,127
1,normal,15,pyme,casa-K,128
1,normal,15,pyme,casa-K,129
1,normal,15,pyme,casa-K,130
1,normal,15,pyme,casa-K,131
1,normal,15,pyme,casa-K,132
1,normal,15,pyme,casa-K,133
1,normal,15,pyme,casa-K,134
1,normal,15,pyme,casa-K,135
1,normal,15,pyme,casa-K,136
1,normal,15,pyme,casa-K,137
1,normal,15,pyme,casa-K,138
1,normal,15,pyme,casa-K,139
1,normal,15,pyme,casa-K,140
1,normal,15,pyme,casa-K,141
1,normal,15,pyme,casa-K,142
1,normal,15,pyme,casa-K,143
1,normal,15,pyme,casa-K,144
1,normal,15,pyme,casa-K,145
1,normal,15,pyme,casa-K,146
1,normal,15,pyme,casa-K,147
1,normal,15,pyme,casa-K,148
1,normal,15,pyme,casa-K,149
1,normal,15,pyme,casa-K,150
1,normal,15,pyme,casa-K,151
1,normal,15,pyme,casa-K,152
1,normal,15,pyme,casa-K,153
1,normal,15,pyme,casa-K,154
1,normal,15,pyme,casa-K,155
1,normal,15,pyme,casa-K,156
1,normal,15,pyme,casa-K,157
1,normal,15,pyme,casa-K,158
1,normal,15,pyme,casa-K,159
1,normal,15,pyme,casa-K,160
1,normal,15,pyme,casa-K,161
1,normal,15,pyme,casa-K,162
1,normal,15,pyme,casa-K,163
1,normal,15,pyme,casa-K,164
1,normal,15,pyme,casa-K,165
1,normal,15,pyme,casa-K,166
1,normal,15,pyme,casa-K,167
1,normal,15,pyme,casa-K,168
1,normal,15,pyme,casa-K,169
1,normal,15,pyme,casa-K,170
1,normal,15,pyme,casa-K,171
1,normal,15,pyme,casa-K,172
1,normal,15,pyme,casa-K,173
1,normal,15,pyme,casa-K,174
1,normal,15,pyme,casa-K,175
1,normal,15,pyme,casa-K,176
1,normal,15,pyme,casa-K,177
1,normal,15,pyme,casa-K,178
1,normal,15,pyme,casa-K,179
1,normal,15,pyme,casa-K,180
1,normal,15,pyme,casa-K,181
1,normal,15,pyme,casa-K,182
1,normal,15,pyme,casa-K,183
1,normal,15,pyme,casa-K,184
1,normal,15,pyme,casa-K,185
1,normal,15,pyme,casa-K,186
1,normal,15,pyme,casa-K,187
1,normal,15,pyme,casa-K,188
1,normal,15,pyme,casa-K,189
1,normal,15,pyme,casa-K,190
1,normal,15,pyme,casa-K,191
1,normal,15,pyme,casa-K,192
1,normal,15,pyme,casa-K,193
1,normal,15,pyme,casa-K,194
1,normal,15,pyme,casa-K,195
1,normal,15,pyme,casa-K,196
1,normal,15,pyme,casa-K,197
1,normal,15,pyme,casa-K,198
1,normal,15,pyme,casa-K,199
1,normal,15,pyme,casa-K,200
1,normal,15,pyme,casa-K,201
1,normal,15,pyme,casa-K,202
1,normal,15,pyme,casa-K,203
1,normal,15,pyme,casa-K,204
1,normal,15,pyme,casa-K,205
1,normal,15,pyme,casa-K,206
1,normal,15,pyme,casa-K,207
1,normal,15,pyme,casa-K,208
1,normal,15,pyme,casa-K,209
1,normal,15,pyme,casa-K,210
1,normal,15,pyme,casa-K,211
1,normal,15,pyme,casa-K,212
1,normal,15,pyme,casa-K,213
1,normal,15,pyme,casa-K,214
1,normal,15,pyme,casa-K,215
1,normal,15,pyme,casa-K,216
1,normal,15,pyme,casa-K,217
1,normal,15,pyme,casa-K,218
1,normal,15,pyme,casa-K,219
1,normal,15,pyme,casa-K,220
1,normal,15,pyme,casa-K,221
1,normal,15,pyme,casa-K,222
1,normal,15,pyme,casa-K,223
1,normal,15,pyme,casa-K,224
1,normal,15,pyme,casa-K,225
1,normal,15,pyme,casa-K,226
1,normal,15,pyme,casa-K,227
1,normal,15,pyme,casa-K,228
1,normal,15,pyme,casa-K,229
1,normal,15,pyme,casa-K,230
1,normal,15,pyme,casa-K,231
1,normal,15,pyme,casa-K,232
1,normal,15,pyme,casa-K,233
1,normal,15,pyme,casa-K,234
1,normal,15,pyme,casa-K,235
1,normal,15,pyme,casa-K,236
1,normal,15,pyme,casa-K,237
1,normal,15,pyme,casa-K,238
1,normal,15,pyme,casa-K,239
1,normal,15,pyme,casa-K,240
1,normal,15,pyme,casa-K,241
1,normal,15,pyme,casa-K,242
1,normal,15,pyme,casa-K,243
1,normal,15,pyme,casa-K,244
1,normal,15,pyme,casa-K,245
1,normal,15,pyme,casa-K,246
1,normal,15,pyme,casa-K,247
1,normal,15,pyme,casa-K,248
1,normal,15,pyme,casa-K,249
1,normal,15,pyme,casa-K,250
1,normal,15,pyme,casa-K,251
1,normal,15,pyme,casa-K,252
1,normal,15,pyme,casa-K,253
1,normal,15,pyme,casa-K,254
1,normal,15,pyme,casa-K,255
1,normal,15,pyme,casa-K,256
1,normal,15,pyme,casa-K,257
1,normal,15,pyme,casa-K,258
1,normal,15,pyme,casa-K,259
1,normal,15,pyme,casa-K,260
1,normal,15,pyme,casa-K,261
1,normal,15,pyme,casa-K,262
1,normal,15,pyme,casa-K,263
1,normal,15,pyme,casa-K,264
1,normal,15,pyme,casa-K,265
1,normal,15,pyme,casa-K,266
1,normal,15,pyme,casa-K,267
1,normal,15,pyme,casa-K,268
1,normal,15,pyme,casa-K,269
1,normal,15,pyme,casa-K,270
1,normal,15,pyme,casa-K,271
1,normal,15,pyme,casa-K,272
1,normal,15,pyme,casa-K,273
1,normal,15,pyme,casa-K,274
1,normal,15,pyme,casa-K,275
1,normal,15,pyme,casa-K,276
1,normal,15,pyme,casa-K,277
1,normal,15,pyme,casa-K,278
1,normal,15,pyme,casa-K,279
1,normal,15,pyme,casa-K,280
1,normal,15,pyme,casa-K,281
1,normal,15,pyme,casa-K,282
1,normal,15,pyme,casa-K,283
1,normal,15,pyme,casa-K,284
1,normal,15,pyme,casa-K,285
1,normal,15,pyme,casa-K,286
1,normal,15,pyme,casa-K,287
1,normal,15,pyme,casa-K,288
1,normal,15,pyme,casa-K,289
1,normal,15,pyme,casa-K,290
1,normal,15,pyme,casa-K,291
1,normal,15,pyme,casa-K,292
1,normal,15,pyme,casa-K,293
1,normal,15,pyme,casa-K,294
1,normal,15,pyme,casa-K,295
1,normal,15,pyme,casa-K,296
1,normal,15,pyme,casa-K,297
1,normal,15,pyme,casa-K,298
1,normal,15,pyme,casa-K,299
1,normal,15,pyme,casa-K,300
1,normal,15,pyme,casa-K,301
1,normal,15,pyme,casa-K,302
1,normal,15,pyme,casa-K,303
1,normal,15,pyme,casa-K,304
1,normal,15,pyme,casa-K,305
1,normal,15,pyme,casa-K,306
1,normal,15,pyme,casa-K,307
1,normal,15,pyme,casa-K,308
1,normal,15,pyme,casa-K,309
1,normal,15,pyme,casa-K,310
1,normal,15,pyme,casa-K,311
1,normal,15,pyme,casa-K,312
1,normal,15,pyme,casa-K,313
1,normal,15,pyme,casa-K,314
1,normal,15,pyme,casa-K,315
1,normal,15,pyme,casa-K,316
1,normal,15,pyme,casa-K,317
1,normal,15,pyme,casa-K,318
1,normal,15,pyme,casa-K,319
1,normal,15,pyme,casa-K,320
1,normal,15,pyme,casa-K,321
1,normal,15,pyme,casa-K,322
1,normal,15,pyme,casa-K,323
1,normal,15,pyme,casa-K,324
1,normal,15,pyme,casa-K,325
1,normal,15,pyme,casa-K,326
1,normal,15,pyme,casa-K,327
1,normal,15,pyme,casa-K,328
1,normal,15,pyme,casa-K,329
1,normal,15,pyme,casa-K,330
1,normal,15,pyme,casa-K,331
1,normal,15,pyme,casa-K,332
1,normal,15,pyme,casa-K,333
1,normal,15,pyme,casa-K,334
1,normal,15,pyme,casa-K,335
1,normal,15,pyme,casa-K,336
1,normal,15,pyme,casa-K,337
1,normal,15,pyme,casa-K,338
1,normal,15,pyme,casa-K,339
1,normal,15,pyme,casa-K,340
1,normal,15,pyme,casa-K,341
1,normal,15,pyme,casa-K,342
1,normal,15,pyme,casa-K,343
1,normal,15,pyme,casa-K,344
1,normal,15,pyme,casa-K,345
1,normal,15,pyme,casa-K,346
1,normal,15,pyme,casa-K,347
1,normal,15,pyme,casa-K,348
1,normal,15,pyme,casa-K,349
1,normal,15,pyme,casa-K,350
1,normal,15,pyme,casa-K,351
1,normal,15,pyme,casa-K,352
1,normal,15,pyme,casa-K,353
1,normal,15,pyme,casa-K,354
1,normal,15,pyme,casa-K,355
1,normal,15,pyme,casa-K,356
1,normal,15,pyme,casa-K,357
1,normal,15,pyme,casa-K,358
1,normal,15,pyme,casa-K,359
1,normal,15,pyme,casa-K,360
1,normal,15,pyme,casa-K,361
1,normal,15,pyme,casa-K,362
1,normal,15,pyme,casa-K,363
1,normal,15,pyme,casa-K,364
1,normal,15,pyme,casa-K,365
1,normal,15,pyme,casa-K,366
1,normal,15,pyme,casa-K,367
1,normal,15,pyme,casa-K,368
1,normal,15,pyme,casa-K,369
1,normal,15,pyme,casa-K,370
1,normal,15,pyme,casa-K,371
1,normal,15,pyme,casa-K,372
1,normal,15,pyme,casa-K,373
1,normal,15,pyme,casa-K,374
1,normal,15,pyme,casa-K,375
1,normal,15,pyme,casa-K,376
1,normal,15,pyme,casa-K,377
1,normal,15,pyme,casa-K,378
1,normal,15,pyme,casa-K,379
1,normal,15,pyme,casa-K,380
1,normal,15,pyme,casa-K,381
1,normal,15,pyme,casa-K,382
1,normal,15,pyme,casa-K,383
1,normal,15,pyme,casa-K,384
1,normal,15,pyme,casa-K,385
1,normal,15,pyme,casa-K,386
1,normal,15,pyme,casa-K,387
1,normal,15,pyme,casa-K,388
1,normal,15,pyme,casa-K,389
1,normal,15,pyme,casa-K,390
1,normal,15,pyme,casa-K,391
1,normal,15,pyme,casa-K,392
1,normal,15,pyme,casa-K,393
1,normal,15,pyme,casa-K,394
1,normal,15,pyme,casa-K,395
1,normal,15,pyme,casa-K,396
1,normal,15,pyme,casa-K,397
1,normal,15,pyme,casa-K,398
1,normal,15,pyme,casa-K,399
1,normal,15,pyme,casa-K,400
1,normal,15,pyme,casa-K,401
1,normal,15,pyme,casa-K,402
1,normal,15,pyme,casa-K,403
1,normal,15,pyme,casa-K,404
1,normal,15,pyme,casa-K,405
1,normal,15,pyme,casa-K,406
1,normal,15,pyme,casa-K,407
1,normal,15,pyme,casa-K,408
1,normal,15,pyme,casa-K,409
1,normal,15,pyme,casa-K,410
1,normal,15,pyme,casa-K,411
1,normal,15,pyme,casa-K,412
1,normal,15,pyme,casa-K,413
1,normal,15,pyme,casa-K,414
1,normal,15,pyme,casa-K,415
1,normal,15,pyme,casa-K,416
1,normal,15,pyme,casa-K,417
1,normal,15,pyme,casa-K,418
1,normal,15,pyme,casa-K,419
1,normal,15,pyme,casa-K,420
1,normal,15,pyme,casa-K,421
1,normal,15,pyme,casa-K,422
1,normal,15,pyme,casa-K,423
1,normal,15,pyme,casa-K,424
1,normal,15,pyme,casa-K,425
1,normal,15,pyme,casa-K,426
1,normal,15,pyme,casa-K,427
1,normal,15,pyme,casa-K,428
1,normal,15,pyme,casa-K,429
1,normal,15,pyme,casa-K,430
1,normal,15,pyme,casa-K,431
1,normal,15,pyme,casa-K,432
1,normal,15,pyme,casa-K,433
1,normal,15,pyme,casa-K,434
1,normal,15,pyme,casa-K,435
1,normal,15,pyme,casa-K,436
1,normal,15,pyme,casa-K,437
1,normal,15,pyme,casa-K,438
1,normal,15,pyme,casa-K,439
1,normal,15,pyme,casa-K,440
1,normal,15,pyme,casa-K,441
1,normal,15,pyme,casa-K,442
1,normal,15,pyme,casa-K,443
1,normal,15,pyme,casa-K,444
1,normal,15,pyme,casa-K,445
1,normal,15,pyme,casa-K,446
1,normal,15,pyme,casa-K,447
1,normal,15,pyme,casa-K,448
1,normal,15,pyme,casa-K,449
1,normal,15,pyme,casa-K,450
1,normal,15,pyme,casa-K,451
1,normal,15,pyme,casa-K,452
1,normal,15,pyme,casa-K,453
1,normal,15,pyme,casa-K,454
1,normal,15,pyme,casa-K,455
1,normal,15,pyme,casa-K,456
1,normal,15,pyme,casa-K,457
1,normal,15,pyme,casa-K,458
1,normal,15,pyme,casa-K,459
1,normal,15,pyme,casa-K,460
1,normal,15,pyme,casa-K,461
1,normal,15,pyme,casa-K,462
1,normal,15,pyme,casa-K,463
1,normal,15,pyme,casa-K,464
1,normal,15,pyme,casa-K,465
1,normal,15,pyme,casa-K,466
1,normal,15,pyme,casa-K,467
1,normal,15,pyme,casa-K,468
1,normal,15,pyme,casa-K,469
1,normal,15,pyme,casa-K,470
1,normal,15,pyme,casa-K,471
1,normal,15,pyme,casa-K,472
1,normal,15,pyme,casa-K,473
1,normal,15,pyme,casa-K,474
1,normal,15,pyme,casa-K,475
1,normal,15,pyme,casa-K,476
1,normal,15,pyme,casa-K,477
1,normal,15,pyme,casa-K,478
1,normal,15,pyme,casa-K,479
1,normal,15,pyme,casa-K,480
1,normal,15,pyme,casa-K,481
1,normal,15,pyme,casa-K,482
1,normal,15,pyme,casa-K,483
1,normal,15,pyme,casa-K,484
1,normal,15,pyme,casa-K,485
1,normal,15,pyme,casa-K,486
1,normal,15,pyme,casa-K,487
1,normal,15,pyme,casa-K,488
1,normal,15,pyme,casa-K,489
1,normal,15,pyme,casa-K,490
1,normal,15,pyme,casa-K,491
1,normal,15,pyme,casa-K,492
1,normal,15,pyme,casa-K,493
1,normal,15,pyme,casa-K,494
1,normal,15,pyme,casa-K,495
1,normal,15,pyme,casa-K,496
1,normal,15,pyme,casa-K,497
1,normal,15,pyme,casa-K,498
1,normal,15,pyme,casa-K,499
1,normal,15,pyme,casa-K,500
1,normal,15,pyme,casa-K,501
1,normal,15,pyme,casa-K,502
1,normal,15,pyme,casa-K,503
1,normal,15,pyme,casa-K,504
1,normal,15,pyme,casa-K,505
1,normal,15,pyme,casa-K,506
1,normal,15,pyme,casa-K,507
1,normal,15,pyme,casa-K,508
1,normal,15,pyme,casa-K,509
1,normal,15,pyme,casa-K,510
1,normal,15,pyme,casa-K,511
1,normal,15,pyme,casa-K,512
1,normal,15,pyme,casa-K,513
1,normal,15,pyme,casa-K,514
1,normal,15,pyme,casa-K,515
1,normal,15,pyme,casa-K,516
1,normal,15,pyme,casa-K,517
1,normal,15,pyme,casa-K,518
1,normal,15,pyme,casa-K,519
1,normal,15,pyme,casa-K,520
1,normal,15,pyme,casa-K,521
1,normal,15,pyme,casa-K,522
1,normal,15,pyme,casa-K,523
1,normal,15,pyme,casa-K,524
1,normal,15,pyme,casa-K,525
1,normal,15,pyme,casa-K,526
1,normal,15,pyme,casa-K,527
1,normal,15,pyme,casa-K,528
1,normal,15,pyme,casa-K,529
1,normal,15,pyme,casa-K,530
1,normal,15,pyme,casa-K,531
1,normal,15,pyme,casa-K,532
1,normal,15,pyme,casa-K,533
1,normal,15,pyme,casa-K,534
1,normal,15,pyme,casa-K,535
1,normal,15,pyme,casa-K,536
1,normal,15,pyme,casa-K,537
1,normal,15,pyme,casa-K,538
1,normal,15,pyme,casa-K,539
1,normal,15,pyme,casa-K,540
1,normal,15,pyme,casa-K,541
1,normal,15,pyme,casa-K,542
1,normal,15,pyme,casa-K,543
1,normal,15,pyme,casa-K,544
1,normal,15,pyme,casa-K,545
1,normal,15,pyme,casa-K,546
1,normal,15,pyme,casa-K,547
1,normal,15,pyme,casa-K,548
1,normal,15,pyme,casa-K,549
1,normal,15,pyme,casa-K,550
1,normal,15,pyme,casa-K,551
1,normal,15,pyme,casa-K,552
1,normal,15,pyme,casa-K,553
1,normal,15,pyme,casa-K,554
1,normal,15,pyme,casa-K,555
1,normal,15,pyme,casa-K,556
1,normal,15,pyme,casa-K,557
1,normal,15,pyme,casa-K,558
1,normal,15,pyme,casa-K,559
1,normal,15,pyme,casa-K,560
1,normal,15,pyme,casa-K,561
1,normal,15,pyme,casa-K,562
1,normal,15,pyme,casa-K,563
1,normal,15,pyme,casa-K,564
1,normal,15,pyme,casa-K,565
1,normal,15,pyme,casa-K,566
1,normal,15,pyme,casa-K,567
1,normal,15,pyme,casa-K,568
1,normal,15,pyme,casa-K,569
1,normal,15,pyme,casa-K,570
1,normal,15,pyme,casa-K,571
1,normal,15,pyme,casa-K,572
1,normal,15,pyme,casa-K,573
1,normal,15,pyme,casa-K,574
1,normal,15,pyme,casa-K,575
1,normal,15,pyme,casa-K,576
1,normal,15,pyme,casa-K,577
1,normal,15,pyme,casa-K,578
1,normal,15,pyme,casa-K,579
1,normal,15,pyme,casa-K,580
1,normal,15,pyme,casa-K,581
1,normal,15,pyme,casa-K,582
1,normal,15,pyme,casa-K,583
1,normal,15,pyme,casa-K,584
1,normal,15,pyme,casa-K,585
1,normal,15,pyme,casa-K,586
1,normal,15,pyme,casa-K,587
1,normal,15,pyme,casa-K,588
1,normal,15,pyme,casa-K,589
1,normal,15,pyme,casa-K,590
1,normal,15,pyme,casa-K,591
1,normal,15,pyme,casa-K,592
1,normal,15,pyme,casa-K,593
1,normal,15,pyme,casa-K,594
1,normal,15,pyme,casa-K,595
1,normal,15,pyme,casa-K,596
1,normal,15,pyme,casa-K,597
1,normal,15,pyme,casa-K,598
1,normal,15,pyme,casa-K,599
1,normal,15,pyme,casa-K,600
1,normal,15,pyme,casa-K,601
1,normal,15,pyme,casa-K,602
1,normal,15,pyme,casa-K,603
1,normal,15,pyme,casa-K,604
1,normal,15,pyme,casa-K,605
1,normal,15,pyme,casa-K,606
1,normal,15,pyme,casa-K,607
1,normal,15,pyme,casa-K,608
1,normal,15,pyme,casa-K,609
1,normal,15,pyme,casa-K,610
1,normal,15,pyme,casa-K,611
1,normal,15,pyme,casa-K,612
1,normal,15,pyme,casa-K,613
1,normal,15,pyme,casa-K,614
1,normal,15,pyme,casa-K,615
1,normal,15,pyme,casa-K,616
1,normal,15,pyme,casa-K,617
1,normal,15,pyme,casa-K,618
1,normal,15,pyme,casa-K,619
1,normal,15,pyme,casa-K,620
1,normal,15,pyme,casa-K,621
1,normal,15,pyme,casa-K,622
1,normal,15,pyme,casa-K,623
1,normal,15,pyme,casa-K,624
1,normal,15,pyme,casa-K,625
1,normal,15,pyme,casa-K,626
1,normal,15,pyme,casa-K,627
1,normal,15,pyme,casa-K,628
1,normal,15,pyme,casa-K,629
1,normal,15,pyme,casa-K,630
1,normal,15,pyme,casa-K,631
1,normal,15,pyme,casa-K,632
1,normal,15,pyme,casa-K,633
1,normal,15,pyme,casa-K,634
1,normal,15,pyme,casa-K,635
1,normal,15,pyme,casa-K,636
1,normal,15,pyme,casa-K,637
1,normal,15,pyme,casa-K,638
1,normal,15,pyme,casa-K,639
1,normal,15,pyme,casa-K,640
1,normal,15,pyme,casa-K,641
1,normal,15,pyme,casa-K,642
1,normal,15,pyme,casa-K,643
1,normal,15,pyme,casa-K,644
1,normal,15,pyme,casa-K,645
1,normal,15,pyme,casa-K,646
1,normal,15,pyme,casa-K,647
1,normal,15,pyme,casa-K,648
1,normal,15,pyme,casa-K,649
1,normal,15,pyme,casa-K,650
1,normal,15,pyme,casa-K,651
1,normal,15,pyme,casa-K,652
1,normal,15,pyme,casa-K,653
1,normal,15,pyme,casa-K,654
1,normal,15,pyme,casa-K,655
1,normal,15,pyme,casa-K,656
1,normal,15,pyme,casa-K,657
1,normal,15,pyme,casa-K,658
1,normal,15,pyme,casa-K,659
1,normal,15,pyme,casa-K,660
1,normal,15,pyme,casa-K,661
1,normal,15,pyme,casa-K,662
1,normal,15,pyme,casa-K,663
1,normal,15,pyme,casa-K,664
1,normal,15,pyme,casa-K,665
1,normal,15,pyme,casa-K,666
1,normal,15,pyme,casa-K,667
1,normal,15,pyme,casa-K,668
1,normal,15,pyme,casa-K,669
1,normal,15,pyme,casa-K,670
1,normal,15,pyme,casa-K,671
1,normal,15,pyme,casa-K,672
1,normal,15,pyme,casa-K,673
1,normal,15,pyme,casa-K,674
1,normal,15,pyme,casa-K,675
1,normal,15,pyme,casa-K,676
1,normal,15,pyme,casa-K,677
1,normal,15,pyme,casa-K,678
1,normal,15,pyme,casa-K,679
1,normal,15,pyme,casa-K,680
1,normal,15,pyme,casa-K,681
1,normal,15,pyme,casa-K,682
1,normal,15,pyme,casa-K,683
1,normal,15,pyme,casa-K,684
1,normal,15,pyme,casa-K,685
1,normal,15,pyme,casa-K,686
1,normal,15,pyme,casa-K,687
1,normal,15,pyme,casa-K,688
1,normal,15,pyme,casa-K,689
1,normal,15,pyme,casa-K,690
1,normal,15,pyme,casa-K,691
1,normal,15,pyme,casa-K,692
1,normal,15,pyme,casa-K,693
1,normal,15,pyme,casa-K,694
1,normal,15,pyme,casa-K,695
1,normal,15,pyme,casa-K,696
1,normal,15,pyme,casa-K,697
1,normal,15,pyme,casa-K,698
1,normal,15,pyme,casa-K,699
1,normal,15,pyme,casa-K,700
1,normal,15,pyme,casa-K,701
1,normal,15,pyme,casa-K,702
1,normal,15,pyme,casa-K,703
1,normal,15,pyme,casa-K,704
1,normal,15,pyme,casa-K,705
1,normal,15,pyme,casa-K,706
1,normal,15,pyme,casa-K,707
1,normal,15,pyme,casa-K,708
1,normal,15,pyme,casa-K,709
1,normal,15,pyme,casa-K,710
1,normal,15,pyme,casa-K,711
1,normal,15,pyme,casa-K,712
1,normal,15,pyme,casa-K,713
1,normal,15,pyme,casa-K,714
1,normal,15,pyme,casa-K,715
1,normal,15,pyme,casa-K,716
1,normal,15,pyme,casa-K,717
1,normal,15,pyme,casa-K,718
1,normal,15,pyme,casa-K,719
1,normal,15,pyme,casa-K,720
1,normal,15,pyme,casa-K,721
1,normal,15,pyme,casa-K,722
1,normal,15,pyme,casa-K,723
1,normal,15,pyme,casa-K,724
1,normal,15,pyme,casa-K,725
1,normal,15,pyme,casa-K,726
1,normal,15,pyme,casa-K,727
1,normal,15,pyme,casa-K,728
1,normal,15,pyme,casa-K,729
1,normal,15,pyme,casa-K,730
1,normal,15,pyme,casa-K,731
1,normal,15,pyme,casa-K,732
1,normal,15,pyme,casa-K,733
1,normal,15,pyme,casa-K,734
1,normal,15,pyme,casa-K,735
1,normal,15,pyme,casa-K,736
1,normal,15,pyme,casa-K,737
1,normal,15,pyme,casa-K,738
1,normal,15,pyme,casa-K,739
1,normal,15,pyme,casa-K,740
1,normal,15,pyme,casa-K,741
1,normal,15,pyme,casa-K,742
1,normal,15,pyme,casa-K,743
1,normal,15,pyme,casa-K,744
1,normal,15,pyme,casa-K,745
1,normal,15,pyme,casa-K,746
1,normal,15,pyme,casa-K,747
1,normal,15,pyme,casa-K,748
1,normal,15,pyme,casa-K,749
1,normal,15,pyme,casa-K,750
1,normal,15,pyme,casa-K,751
1,normal,15,pyme,casa-K,752
1,normal,15,pyme,casa-K,753
1,normal,15,pyme,casa-K,754
1,normal,15,pyme,casa-K,755
1,normal,15,pyme,casa-K,756
1,normal,15,pyme,casa-K,757
1,normal,15,pyme,casa-K,758
1,normal,15,pyme,casa-K,759
1,normal,15,pyme,casa-K,760
1,normal,15,pyme,casa-K,761
1,normal,15,pyme,casa-K,762
1,normal,15,pyme,casa-K,763
1,normal,15,pyme,casa-K,764
1,normal,15,pyme,casa-K,765
1,normal,15,pyme,casa-K,766
1,normal,15,pyme,casa-K,767
1,normal,15,pyme,casa-K,768
1,normal,15,pyme,casa-K,769
1,normal,15,pyme,casa-K,770
1,normal,15,pyme,casa-K,771
1,normal,15,pyme,casa-K,772
1,normal,15,pyme,casa-K,773
1,normal,15,pyme,casa-K,774
1,normal,15,pyme,casa-K,775
1,normal,15,pyme,casa-K,776
1,normal,15,pyme,casa-K,777
1,normal,15,pyme,casa-K,778
1,normal,15,pyme,casa-K,779
1,normal,15,pyme,casa-K,780
1,normal,15,pyme,casa-K,781
1,normal,15,pyme,casa-K,782
1,normal,15,pyme,casa-K,783
1,normal,15,pyme,casa-K,784
1,normal,15,pyme,casa-K,785
1,normal,15,pyme,casa-K,786
1,normal,15,pyme,casa-K,787
1,normal,15,pyme,casa-K,788
1,normal,15,pyme,casa-K,789
1,normal,15,pyme,casa-K,790
1,normal,15,pyme,casa-K,791
1,normal,15,pyme,casa-K,792
1,normal,15,pyme,casa-K,793
1,normal,15,pyme,casa-K,794
1,normal,15,pyme,casa-K,795
1,normal,15,pyme,casa-K,796
1,normal,15,pyme,casa-K,797
1,normal,15,pyme,casa-K,798
1,normal,15,pyme,casa-K,799
1,normal,15,pyme,casa-K,800
1,normal,15,pyme,casa-K,801
1,normal,15,pyme,casa-K,802
1,normal,15,pyme,casa-K,803
1,normal,15,pyme,casa-K,804
1,normal,15,pyme,casa-K,805
1,normal,15,pyme,casa-K,806
1,normal,15,pyme,casa-K,807
1,normal,15,pyme,casa-K,808
1,normal,15,pyme,casa-K,809
1,normal,15,pyme,casa-K,810
1,normal,15,pyme,casa-K,811
1,normal,15,pyme,casa-K,812
1,normal,15,pyme,casa-K,813
1,normal,15,pyme,casa-K,814
1,normal,15,pyme,casa-K,815
1,normal,15,pyme,casa-K,816
1,normal,15,pyme,casa-K,817
1,normal,15,pyme,casa-K,818
1,normal,15,pyme,casa-K,819
1,normal,15,pyme,casa-K,820
1,normal,15,pyme,casa-K,821
1,normal,15,pyme,casa-K,822
1,normal,15,pyme,casa-K,823
1,normal,15,pyme,casa-K,824
1,normal,15,pyme,casa-K,825
1,normal,15,pyme,casa-K,826
1,normal,15,pyme,casa-K,827
1,normal,15,pyme,casa-K,828
1,normal,15,pyme,casa-K,829
1,normal,15,pyme,casa-K,830
1,normal,15,pyme,casa-K,831
1,normal,15,pyme,casa-K,832
1,normal,15,pyme,casa-K,833
1,normal,15,pyme,casa-K,834
1,normal,15,pyme,casa-K,835
1,normal,15,pyme,casa-K,836
1,normal,15,pyme,casa-K,837
1,normal,15,pyme,casa-K,838
1,normal,15,pyme,casa-K,839
1,normal,15,pyme,casa-K,840
1,normal,15,pyme,casa-K,841
1,normal,15,pyme,casa-K,842
1,normal,15,pyme,casa-K,843
1,normal,15,pyme,casa-K,844
1,normal,15,pyme,casa-K,845
1,normal,15,pyme,casa-K,846
1,normal,15,pyme,casa-K,847
1,normal,15,pyme,casa-K,848
1,normal,15,pyme,casa-K,849
1,normal,15,pyme,casa-K,850
1,normal,15,pyme,casa-K,851
1,normal,15,pyme,casa-K,852
1,normal,15,pyme,casa-K,853
1,normal,15,pyme,casa-K,854
1,normal,15,pyme,casa-K,855
1,normal,15,pyme,casa-K,856
1,normal,15,pyme,casa-K,857
1,normal,15,pyme,casa-K,858
1,normal,15,pyme,casa-K,859
1,normal,15,pyme,casa-K,860
1,normal,15,pyme,casa-K,861
1,normal,15,pyme,casa-K,862
1,normal,15,pyme,casa-K,863
1,normal,15,pyme,casa-K,864
1,normal,15,pyme,casa-K,865
1,normal,15,pyme,casa-K,866
1,normal,15,pyme,casa-K,867
1,normal,15,pyme,casa-K,868
1,normal,15,pyme,casa-K,869
1,normal,15,pyme,casa-K,870
1,normal,15,pyme,casa-K,871
1,normal,15,pyme,casa-K,872
1,normal,15,pyme,casa-K,873
1,normal,15,pyme,casa-K,874
1,normal,15,pyme,casa-K,875
1,normal,15,pyme,casa-K,876
1,normal,15,pyme,casa-K,877
1,normal,15,pyme,casa-K,878
1,normal,15,pyme,casa-K,879
1,normal,15,pyme,casa-K,880
1,normal,15,pyme,casa-K,881
1,normal,15,pyme,casa-K,882
1,normal,15,pyme,casa-K,883
1,normal,15,pyme,casa-K,884
1,normal,15,pyme,casa-K,885
1,normal,15,pyme,casa-K,886
1,normal,15,pyme,casa-K,887
1,normal,15,pyme,casa-K,888
1,normal,15,pyme,casa-K,889
1,normal,15,pyme,casa-K,890
1,normal,15,pyme,casa-K,891
1,normal,15,pyme,casa-K,892
1,normal,15,pyme,casa-K,893
1,normal,15,pyme,casa-K,894
1,normal,15,pyme,casa-K,895
1,normal,15,pyme,casa-K,896
1,normal,15,pyme,casa-K,897
1,normal,15,pyme,casa-K,898
1,normal,15,pyme,casa-K,899
1,normal,15,pyme,casa-K,900
1,normal,15,pyme,casa-K,901
1,normal,15,pyme,casa-K,902
1,normal,15,pyme,casa-K,903
1,normal,15,pyme,casa-K,904
1,normal,15,pyme,casa-K,905
1,normal,15,pyme,casa-K,906
1,normal,15,pyme,casa-K,907
1,normal,15,pyme,casa-K,908
1,normal,15,pyme,casa-K,909
1,normal,15,pyme,casa-K,910
1,normal,15,pyme,casa-K,911
1,normal,15,pyme,casa-K,912
1,normal,15,pyme,casa-K,913
1,normal,15,pyme,casa-K,914
1,normal,15,pyme,casa-K,915
1,normal,15,pyme,casa-K,916
1,normal,15,pyme,casa-K,917
1,normal,15,pyme,casa-K,918
1,normal,15,pyme,casa-K,919
1,normal,15,pyme,casa-K,920
1,normal,15,pyme,casa-K,921
1,normal,15,pyme,casa-K,922
1,normal,15,pyme,casa-K,923
1,normal,15,pyme,casa-K,924
1,normal,15,pyme,casa-K,925
1,normal,15,pyme,casa-K,926
1,normal,15,pyme,casa-K,927
1,normal,15,pyme,casa-K,928
1,normal,15,pyme,casa-K,929
1,normal,15,pyme,casa-K,930
1,normal,15,pyme,casa-K,931
1,normal,15,pyme,casa-K,932
1,normal,15,pyme,casa-K,933
1,normal,15,pyme,casa-K,934
1,normal,15,pyme,casa-K,935
1,normal,15,pyme,casa-K,936
1,normal,15,pyme,casa-K,937
1,normal,15,pyme,casa-K,938
1,normal,15,pyme,casa-K,939
1,normal,15,pyme,casa-K,940
1,normal,15,pyme,casa-K,941
1,normal,15,pyme,casa-K,942
1,normal,15,pyme,casa-K,943
1,normal,15,pyme,casa-K,944
1,normal,15,pyme,casa-K,945
1,normal,15,pyme,casa-K,946
1,normal,15,pyme,casa-K,947
1,normal,15,pyme,casa-K,948
1,normal,15,pyme,casa-K,949
1,normal,15,pyme,casa-K,950
1,normal,15,pyme,casa-K,951
1,normal,15,pyme,casa-K,952
1,normal,15,pyme,casa-K,953
1,normal,15,pyme,casa-K,954
1,normal,15,pyme,casa-K,955
1,normal,15,pyme,casa-K,956
1,normal,15,pyme,casa-K,957
1,normal,15,pyme,casa-K,958
1,normal,15,pyme,casa-K,959
1,normal,15,pyme,casa-K,960
1,normal,15,pyme,casa-K,961
1,normal,15,pyme,casa-K,962
1,normal,15,pyme,casa-K,963
1,normal,15,pyme,casa-K,964
1,normal,15,pyme,casa-K,965
1,normal,15,pyme,casa-K,966
1,normal,15,pyme,casa-K,967
1,normal,15,pyme,casa-K,968
1,normal,15,pyme,casa-K,969
1,normal,15,pyme,casa-K,970
1,normal,15,pyme,casa-K,971
1,normal,15,pyme,casa-K,972
1,normal,15,pyme,casa-K,973
1,normal,15,pyme,casa-K,974
1,normal,15,pyme,casa-K,975
1,normal,15,pyme,casa-K,976
1,normal,15,pyme,casa-K,977
1,normal,15,pyme,casa-K,978
1,normal,15,pyme,casa-K,979
1,normal,15,pyme,casa-K,980
1,normal,15,pyme,casa-K,981
1,normal,15,pyme,casa-K,982
1,normal,15,pyme,casa-K,983
1,normal,15,pyme,casa-K,984
1,normal,15,pyme,casa-K,985
1,normal,15,pyme,casa-K,986
1,normal,15,pyme,casa-K,987
1,normal,15,pyme,casa-K,988
1,normal,15,pyme,casa-K,989
1,normal,15,pyme,casa-K,990
1,normal,15,pyme,casa-K,991
1,normal,15,pyme,casa-K,992
1,normal,15,pyme,casa-K,993
1,normal,15,pyme,casa-K,994
1,normal,15,pyme,casa-K,995
1,normal,15,pyme,casa-K,996
1,normal,15,pyme,casa-K,997
1,normal,15,pyme,casa-K,998
1,normal,15,pyme,casa-K,999
1,normal,15,pyme,casa-K,1000
1,normal,15,pyme,casa-K,1001
1,normal,15,pyme,casa-K,1002
1,normal,15,pyme,casa-K,1003
1,normal,15,pyme,casa-K,1004
1,normal,15,pyme,casa-K,1005
1,normal,15,pyme,casa-K,1006
1,normal,15,pyme,casa-K,1007
1,normal,15,pyme,casa-K,1008
1,normal,15,pyme,casa-K,1009
1,normal,15,pyme,casa-K,1010
1,normal,15,pyme,casa-K,1011
1,normal,15,pyme,casa-K,1012
1,normal,15,pyme,casa-K,1013
1,normal,15,pyme,casa-K,1014
1,normal,15,pyme,casa-K,1015
1,normal,15,pyme,casa-K,1016
1,normal,15,pyme,casa-K,1017
1,normal,15,pyme,casa-K,1018
1,normal,15,pyme,casa-K,1019
1,normal,15,pyme,casa-K,1020
1,normal,15,pyme,casa-K,1021
1,normal,15,pyme,casa-K,1022
1,normal,15,pyme,casa-K,1023
1,normal,15,pyme,casa-K,1024
1,normal,15,pyme,casa-K,1025
1,normal,15,pyme,casa-K,1026
1,normal,15,pyme,casa-K,1027
1,normal,15,pyme,casa-K,1028
1,normal,15,pyme,casa-K,1029
1,normal,15,pyme,casa-K,1030
1,normal,15,pyme,casa-K,1031
1,normal,15,pyme,casa-K,1032
1,normal,15,pyme,casa-K,1033
1,normal,15,pyme,casa-K,1034
1,normal,15,pyme,casa-K,1035
1,normal,15,pyme,casa-K,1036
1,normal,15,pyme,casa-K,1037
1,normal,15,pyme,casa-K,1038
1,normal,15,pyme,casa-K,1039
1,normal,15,pyme,casa-K,1040
1,normal,15,pyme,casa-K,1041
1,normal,15,pyme,casa-K,1042
1,normal,15,pyme,casa-K,1043
1,normal,15,pyme,casa-K,1044
1,normal,15,pyme,casa-K,1045
1,normal,15,pyme,casa-K,1046
1,normal,15,pyme,casa-K,1047
1,normal,15,pyme,casa-K,1048
1,normal,15,pyme,casa-K,1049
1,normal,15,pyme,casa-K,1050
1,normal,15,pyme,casa-K,1051
1,normal,15,pyme,casa-K,1052
1,normal,15,pyme,casa-K,1053
1,normal,15,pyme,casa-K,1054
1,normal,15,pyme,casa-K,1055
1,normal,15,pyme,casa-K,1056
1,normal,15,pyme,casa-K,1057
1,normal,15,pyme,casa-K,1058
1,normal,15,pyme,casa-K,1059
1,normal,15,pyme,casa-K,1060
1,normal,15,pyme,casa-K,1061
1,normal,15,pyme,casa-K,1062
1,normal,15,pyme,casa-K,1063
1,normal,15,pyme,casa-K,1064
1,normal,15,pyme,casa-K,1065
1,normal,15,pyme,casa-K,1066
1,normal,15,pyme,casa-K,1067
1,normal,15,pyme,casa-K,1068
1,normal,15,pyme,casa-K,1069
1,normal,15,pyme,casa-K,1070
1,normal,15,pyme,casa-K,1071
1,normal,15,pyme,casa-K,1072
1,normal,15,pyme,casa-K,1073
1,normal,15,pyme,casa-K,1074
1,normal,15,pyme,casa-K,1075
1,normal,15,pyme,casa-K,1076
1,normal,15,pyme,casa-K,1077
1,normal,15,pyme,casa-K,1078
1,normal,15,pyme,casa-K,1079
1,normal,15,pyme,casa-K,1080
1,normal,15,pyme,casa-K,1081
1,normal,15,pyme,casa-K,1082
1,normal,15,pyme,casa-K,1083
1,normal,15,pyme,casa-K,1084
1,normal,15,pyme,casa-K,1085
1,normal,15,pyme,casa-K,1086
1,normal,15,pyme,casa-K,1087
1,normal,15,pyme,casa-K,1088
1,normal,15,pyme,casa-K,1089
1,normal,15,pyme,casa-K,1090
1,normal,15,pyme,casa-K,1091
1,normal,15,pyme,casa-K,1092
1,normal,15,pyme,casa-K,1093
1,normal,15,pyme,casa-K,1094
1,normal,15,pyme,casa-K,1095
1,normal,15,pyme,casa-K,1096
1,normal,15,pyme,casa-K,1097
1,normal,15,pyme,casa-K,1098
1,normal,15,pyme,casa-K,1099
1,normal,15,pyme,casa-K,1100
1,normal,15,pyme,casa-K,1101
1,normal,15,pyme,casa-K,1102
1,normal,15,pyme,casa-K,1103
1,normal,15,pyme,casa-K,1104
1,normal,15,pyme,casa-K,1105
1,normal,15,pyme,casa-K,1106
1,normal,15,pyme,casa-K,1107
1,normal,15,pyme,casa-K,1108
1,normal,15,pyme,casa-K,1109
1,normal,15,pyme,casa-K,1110
1,normal,15,pyme,casa-K,1111
1,normal,15,pyme,casa-K,1112
1,normal,15,pyme,casa-K,1113
1,normal,15,pyme,casa-K,1114
1,normal,15,pyme,casa-K,1115
1,normal,15,pyme,casa-K,1116
1,normal,15,pyme,casa-K,1117
1,normal,15,pyme,casa-K,1118
1,normal,15,pyme,casa-K,1119
1,normal,15,pyme,casa-K,1120
1,normal,15,pyme,casa-K,1121
1,normal,15,pyme,casa-K,1122
1,normal,15,pyme,casa-K,1123
1,normal,15,pyme,casa-K,1124
1,normal,15,pyme,casa-K,1125
1,normal,15,pyme,casa-K,1126
1,normal,15,pyme,casa-K,1127
1,normal,15,pyme,casa-K,1128
1,normal,15,pyme,casa-K,1129
1,normal,15,pyme,casa-K,1130
1,normal,15,pyme,casa-K,1131
1,normal,15,pyme,casa-K,1132
1,normal,15,pyme,casa-K,1133
1,normal,15,pyme,casa-K,1134
1,normal,15,pyme,casa-K,1135
1,normal,15,pyme,casa-K,1136
1,normal,15,pyme,casa-K,1137
1,normal,15,pyme,casa-K,1138
1,normal,15,pyme,casa-K,1139
1,normal,15,pyme,casa-K,1140
1,normal,15,pyme,casa-K,1141
1,normal,15,pyme,casa-K,1142
1,normal,15,pyme,casa-K,1143
1,normal,15,pyme,casa-K,1144
1,normal,15,pyme,casa-K,1145
1,normal,15,pyme,casa-K,1146
1,normal,15,pyme,casa-K,1147
1,normal,15,pyme,casa-K,1148
1,normal,15,pyme,casa-K,1149
1,normal,15,pyme,casa-K,1150
1,normal,15,pyme,casa-K,1151
1,normal,15,pyme,casa-K,1152
1,normal,15,pyme,casa-K,1153
1,normal,15,pyme,casa-K,1154
1,normal,15,pyme,casa-K,1155
1,normal,15,pyme,casa-K,1156
1,normal,15,pyme,casa-K,1157
1,normal,15,pyme,casa-K,1158
1,normal,15,pyme,casa-K,1159
1,normal,15,pyme,casa-K,1160
1,normal,15,pyme,casa-K,1161
1,normal,15,pyme,casa-K,1162
1,normal,15,pyme,casa-K,1163
1,normal,15,pyme,casa-K,1164
1,normal,15,pyme,casa-K,1165
1,normal,15,pyme,casa-K,1166
1,normal,15,pyme,casa-K,1167
1,normal,15,pyme,casa-K,1168
1,normal,15,pyme,casa-K,1169
1,normal,15,pyme,casa-K,1170
1,normal,15,pyme,casa-K,1171
1,normal,15,pyme,casa-K,1172
1,normal,15,pyme,casa-K,1173
1,normal,15,pyme,casa-K,1174
1,normal,15,pyme,casa-K,1175
1,normal,15,pyme,casa-K,1176
1,normal,15,pyme,casa-K,1177
1,normal,15,pyme,casa-K,1178
1,normal,15,pyme,casa-K,1179
1,normal,15,pyme,casa-K,1180
1,normal,15,pyme,casa-K,1181
1,normal,15,pyme,casa-K,1182
1,normal,15,pyme,casa-K,1183
1,normal,15,pyme,casa-K,1184
1,normal,15,pyme,casa-K,1185
1,normal,15,pyme,casa-K,1186
1,normal,15,pyme,casa-K,1187
1,normal,15,pyme,casa-K,1188
1,normal,15,pyme,casa-K,1189
1,normal,15,pyme,casa-K,1190
1,normal,15,pyme,casa-K,1191
1,normal,15,pyme,casa-K,1192
1,normal,15,pyme,casa-K,1193
1,normal,15,pyme,casa-K,1194
1,normal,15,pyme,casa-K,1195
1,normal,15,pyme,casa-K,1196
1,normal,15,pyme,casa-K,1197
1,normal,15,pyme,casa-K,1198
1,normal,15,pyme,casa-K,1199
1,normal,15,pyme,casa-K,1200
1,normal,15,pyme,casa-K,1201
1,normal,15,pyme,casa-K,1202
1,normal,15,pyme,casa-K,1203
1,normal,15,pyme,casa-K,1204
1,normal,15,pyme,casa-K,1205
1,normal,15,pyme,casa-K,1206
1,normal,15,pyme,casa-K,1207
1,normal,15,pyme,casa-K,1208
1,normal,15,pyme,casa-K,1209
1,normal,15,pyme,casa-K,1210
1,normal,15,pyme,casa-K,1211
1,normal,15,pyme,casa-K,1212
1,normal,15,pyme,casa-K,1213
1,normal,15,pyme,casa-K,1214
1,normal,15,pyme,casa-K,1215
1,normal,15,pyme,casa-K,1216
1,normal,15,pyme,casa-K,1217
1,normal,15,pyme,casa-K,1218
1,normal,15,pyme,casa-K,1219
1,normal,15,pyme,casa-K,1220
1,normal,15,pyme,casa-K,1221
1,normal,15,pyme,casa-K,1222
1,normal,15,pyme,casa-K,1223
1,normal,15,pyme,casa-K,1224
1,normal,15,pyme,casa-K,1225
1,normal,15,pyme,casa-K,1226
1,normal,15,pyme,casa-K,1227
1,normal,15,pyme,casa-K,1228
1,normal,15,pyme,casa-K,1229
1,normal,15,pyme,casa-K,1230
1,normal,15,pyme,casa-K,1231
1,normal,15,pyme,casa-K,1232
1,normal,15,pyme,casa-K,1233
1,normal,15,pyme,casa-K,1234
1,normal,15,pyme,casa-K,1235
1,normal,15,pyme,casa-K,1236
1,normal,15,pyme,casa-K,1237
1,normal,15,pyme,casa-K,1238
1,normal,15,pyme,casa-K,1239
1,normal,15,pyme,casa-K,1240
1,normal,15,pyme,casa-K,1241
1,normal,15,pyme,casa-K,1242
1,normal,15,pyme,casa-K,1243
1,normal,15,pyme,casa-K,1244
1,normal,15,pyme,casa-K,1245
1,normal,15,pyme,casa-K,1246
1,normal,15,pyme,casa-K,1247
1,normal,15,pyme,casa-K,1248
1,normal,15,pyme,casa-K,1249
1,normal,15,pyme,casa-K,1250
1,normal,15,pyme,casa-K,1251
1,normal,15,pyme,casa-K,1252
1,normal,15,pyme,casa-K,1253
1,normal,15,pyme,casa-K,1254
1,normal,15,pyme,casa-K,1255
1,normal,15,pyme,casa-K,1256
1,normal,15,pyme,casa-K,1257
1,normal,15,pyme,casa-K,1258
1,normal,15,pyme,casa-K,1259
1,normal,15,pyme,casa-K,1260
1,normal,15,pyme,casa-K,1261
1,normal,15,pyme,casa-K,1262
1,normal,15,pyme,casa-K,1263
1,normal,15,pyme,casa-K,1264
1,normal,15,pyme,casa-K,1265
1,normal,15,pyme,casa-K,1266
1,normal,15,pyme,casa-K,1267
1,normal,15,pyme,casa-K,1268
1,normal,15,pyme,casa-K,1269
1,normal,15,pyme,casa-K,1270
1,normal,15,pyme,casa-K,1271
1,normal,15,pyme,casa-K,1272
1,normal,15,pyme,casa-K,1273
1,normal,15,pyme,casa-K,1274
1,normal,15,pyme,casa-K,1275
1,normal,15,pyme,casa-K,1276
1,normal,15,pyme,casa-K,1277
1,normal,15,pyme,casa-K,1278
1,normal,15,pyme,casa-K,1279
1,normal,15,pyme,casa-K,1280
1,normal,15,pyme,casa-K,1281
1,normal,15,pyme,casa-K,1282
1,normal,15,pyme,casa-K,1283
1,normal,15,pyme,casa-K,1284
1,normal,15,pyme,casa-K,1285
1,normal,15,pyme,casa-K,1286
1,normal,15,pyme,casa-K,1287
1,normal,15,pyme,casa-K,1288
1,normal,15,pyme,casa-K,1289
1,normal,15,pyme,casa-K,1290
1,normal,15,pyme,casa-K,1291
1,normal,15,pyme,casa-K,1292
1,normal,15,pyme,casa-K,1293
1,normal,15,pyme,casa-K,1294
1,normal,15,pyme,casa-K,1295
1,normal,15,pyme,casa-K,1296
1,normal,15,pyme,casa-K,1297
1,normal,15,pyme,casa-K,1298
1,normal,15,pyme,casa-K,1299
1,normal,15,pyme,casa-K,1300
1,normal,15,pyme,casa-K,1301
1,normal,15,pyme,casa-K,1302
1,normal,15,pyme,casa-K,1303
1,normal,15,pyme,casa-K,1304
1,normal,15,pyme,casa-K,1305
1,normal,15,pyme,casa-K,1306
1,normal,15,pyme,casa-K,1307
1,normal,15,pyme,casa-K,1308
1,normal,15,pyme,casa-K,1309
1,normal,15,pyme,casa-K,1310
1,normal,15,pyme,casa-K,1311
1,normal,15,pyme,casa-K,1312
1,normal,15,pyme,casa-K,1313
1,normal,15,pyme,casa-K,1314
1,normal,15,pyme,casa-K,1315
1,normal,15,pyme,casa-K,1316
1,normal,15,pyme,casa-K,1317
1,normal,15,pyme,casa-K,1318
1,normal,15,pyme,casa-K,1319
1,normal,15,pyme,casa-K,1320
1,normal,15,pyme,casa-K,1321
1,normal,15,pyme,casa-K,1322
1,normal,15,pyme,casa-K,1323
1,normal,15,pyme,casa-K,1324
1,normal,15,pyme,casa-K,1325
1,normal,15,pyme,casa-K,1326
1,normal,15,pyme,casa-K,1327
1,normal,15,pyme,casa-K,1328
1,normal,15,pyme,casa-K,1329
1,normal,15,pyme,casa-K,1330
1,normal,15,pyme,casa-K,1331
1,normal,15,pyme,casa-K,1332
1,normal,15,pyme,casa-K,1333
1,normal,15,pyme,casa-K,1334
1,normal,15,pyme,casa-K,1335
1,normal,15,pyme,casa-K,1336
1,normal,15,pyme,casa-K,1337
1,normal,15,pyme,casa-K,1338
1,normal,15,pyme,casa-K,1339
1,normal,15,pyme,casa-K,1340
1,normal,15,pyme,casa-K,1341
1,normal,15,pyme,casa-K,1342
1,normal,15,pyme,casa-K,1343
1,normal,15,pyme,casa-K,1344
1,normal,15,pyme,casa-K,1345
1,normal,15,pyme,casa-K,1346
1,normal,15,pyme,casa-K,1347
1,normal,15,pyme,casa-K,1348
1,normal,15,pyme,casa-K,1349
1,normal,15,pyme,casa-K,1350
1,normal,15,pyme,casa-K,1351
1,normal,15,pyme,casa-K,1352
1,normal,15,pyme,casa-K,1353
1,normal,15,pyme,casa-K,1354
1,normal,15,pyme,casa-K,1355
1,normal,15,pyme,casa-K,1356
1,normal,15,pyme,casa-K,1357
1,normal,15,pyme,casa-K,1358
1,normal,15,pyme,casa-K,1359
1,normal,15,pyme,casa-K,1360
1,normal,15,pyme,casa-K,1361
1,normal,15,pyme,casa-K,1362
1,normal,15,pyme,casa-K,1363
1,normal,15,pyme,casa-K,1364
1,normal,15,pyme,casa-K,1365
1,normal,15,pyme,casa-K,1366
1,normal,15,pyme,casa-K,1367
1,normal,15,pyme,casa-K,1368
1,normal,15,pyme,casa-K,1369
1,normal,15,pyme,casa-K,1370
1,normal,15,pyme,casa-K,1371
1,normal,15,pyme,casa-K,1372
1,normal,15,pyme,casa-K,1373
1,normal,15,pyme,casa-K,1374
1,normal,15,pyme,casa-K,1375
1,normal,15,pyme,casa-K,1376
1,normal,15,pyme,casa-K,1377
1,normal,15,pyme,casa-K,1378
1,normal,15,pyme,casa-K,1379
1,normal,15,pyme,casa-K,1380
1,normal,15,pyme,casa-K,1381
1,normal,15,pyme,casa-K,1382
1,normal,15,pyme,casa-K,1383
1,normal,15,pyme,casa-K,1384
1,normal,15,pyme,casa-K,1385
1,normal,15,pyme,casa-K,1386
1,normal,15,pyme,casa-K,1387
1,normal,15,pyme,casa-K,1388
1,normal,15,pyme,casa-K,1389
1,normal,15,pyme,casa-K,1390
1,normal,15,pyme,casa-K,1391
1,normal,15,pyme,casa-K,1392
1,normal,15,pyme,casa-K,1393
1,normal,15,pyme,casa-K,1394
1,normal,15,pyme,casa-K,1395
1,normal,15,pyme,casa-K,1396
1,normal,15,pyme,casa-K,1397
1,normal,15,pyme,casa-K,1398
1,normal,15,pyme,casa-K,1399
1,normal,15,pyme,casa-K,1400
1,normal,15,pyme,casa-K,1401
1,normal,15,pyme,casa-K,1402
1,normal,15,pyme,casa-K,1403
1,normal,15,pyme,casa-K,1404
1,normal,15,pyme,casa-K,1405
1,normal,15,pyme,casa-K,1406
1,normal,15,pyme,casa-K,1407
1,normal,15,pyme,casa-K,1408
1,normal,15,pyme,casa-K,1409
1,normal,15,pyme,casa-K,1410
1,normal,15,pyme,casa-K,1411
1,normal,15,pyme,casa-K,1412
1,normal,15,pyme,casa-K,1413
1,normal,15,pyme,casa-K,1414
1,normal,15,pyme,casa-K,1415
1,normal,15,pyme,casa-K,1416
1,normal,15,pyme,casa-K,1417
1,normal,15,pyme,casa-K,1418
1,normal,15,pyme,casa-K,1419
1,normal,15,pyme,casa-K,1420
1,normal,15,pyme,casa-K,1421
1,normal,15,pyme,casa-K,1422
1,normal,15,pyme,casa-K,1423
1,normal,15,pyme,casa-K,1424
1,normal,15,pyme,casa-K,1425
1,normal,15,pyme,casa-K,1426
1,normal,15,pyme,casa-K,1427
1,normal,15,pyme,casa-K,1428
1,normal,15,pyme,casa-K,1429
1,normal,15,pyme,casa-K,1430
1,normal,15,pyme,casa-K,1431
1,normal,15,pyme,casa-K,1432
1,normal,15,pyme,casa-K,1433
1,normal,15,pyme,casa-K,1434
1,normal,15,pyme,casa-K,1435
1,normal,15,pyme,casa-K,1436
1,normal,15,pyme,casa-K,1437
1,normal,15,pyme,casa-K,1438
1,normal,15,pyme,casa-K,1439
1,normal,15,pyme,casa-K,1440
1,normal,15,pyme,casa-K,1441
1,normal,15,pyme,casa-K,1442
1,normal,15,pyme,casa-K,1443
1,normal,15,pyme,casa-K,1444
1,normal,15,pyme,casa-K,1445
1,normal,15,pyme,casa-K,1446
1,normal,15,pyme,casa-K,1447
1,normal,15,pyme,casa-K,1448
1,normal,15,pyme,casa-K,1449
1,normal,15,pyme,casa-K,1450
1,normal,15,pyme,casa-K,1451
1,normal,15,pyme,casa-K,1452
1,normal,15,pyme,casa-K,1453
1,normal,15,pyme,casa-K,1454
1,normal,15,pyme,casa-K,1455
1,normal,15,pyme,casa-K,1456
1,normal,15,pyme,casa-K,1457
1,normal,15,pyme,casa-K,1458
1,normal,15,pyme,casa-K,1459
1,normal,15,pyme,casa-K,1460
1,normal,15,pyme,casa-K,1461
1,normal,15,pyme,casa-K,1462
1,normal,15,pyme,casa-K,1463
1,normal,15,pyme,casa-K,1464
1,normal,15,pyme,casa-K,1465
1,normal,15,pyme,casa-K,1466
1,normal,15,pyme,casa-K,1467
1,normal,15,pyme,casa-K,1468
1,normal,15,pyme,casa-K,1469
1,normal,15,pyme,casa-K,1470
1,normal,15,pyme,casa-K,1471
1,normal,15,pyme,casa-K,1472
1,normal,15,pyme,casa-K,1473
1,normal,15,pyme,casa-K,1474
1,normal,15,pyme,casa-K,1475
1,normal,15,pyme,casa-K,1476
1,normal,15,pyme,casa-K,1477
1,normal,15,pyme,casa-K,1478
1,normal,15,pyme,casa-K,1479
1,normal,15,pyme,casa-K,1480
1,normal,15,pyme,casa-K,1481
1,normal,15,pyme,casa-K,1482
1,normal,15,pyme,casa-K,1483
1,normal,15,pyme,casa-K,1484
1,normal,15,pyme,casa-K,1485
1,normal,15,pyme,casa-K,1486
1,normal,15,pyme,casa-K,1487
1,normal,15,pyme,casa-K,1488
1,normal,15,pyme,casa-K,1489
1,normal,15,pyme,casa-K,1490
1,normal,15,pyme,casa-K,1491
1,normal,15,pyme,casa-K,1492
1,normal,15,pyme,casa-K,1493
1,normal,15,pyme,casa-K,1494
1,normal,15,pyme,casa-K,1495
1,normal,15,pyme,casa-K,1496
1,normal,15,pyme,casa-K,1497
1,normal,15,pyme,casa-K,1498
1,normal,15,pyme,casa-K,1499
1,normal,15,pyme,casa-K,1500
1,normal,15,pyme,casa-K,1501
1,normal,15,pyme,casa-K,1502
1,normal,15,pyme,casa-K,1503
1,normal,15,pyme,casa-K,1504
1,normal,15,pyme,casa-K,1505
1,normal,15,pyme,casa-K,1506
1,normal,15,pyme,casa-K,1507
1,normal,15,pyme,casa-K,1508
1,normal,15,pyme,casa-K,1509
1,normal,15,pyme,casa-K,1510
1,normal,15,pyme,casa-K,1511
1,normal,15,pyme,casa-K,1512
1,normal,15,pyme,casa-K,1513
1,normal,15,pyme,casa-K,1514
1,normal,15,pyme,casa-K,1515
1,normal,15,pyme,casa-K,1516
1,normal,15,pyme,casa-K,1517
1,normal,15,pyme,casa-K,1518
1,normal,15,pyme,casa-K,1519
1,normal,15,pyme,casa-K,1520
1,normal,15,pyme,casa-K,1521
1,normal,15,pyme,casa-K,1522
1,normal,15,pyme,casa-K,1523
1,normal,15,pyme,casa-K,1524
1,normal,15,pyme,casa-K,1525
1,normal,15,pyme,casa-K,1526
1,normal,15,pyme,casa-K,1527
1,normal,15,pyme,casa-K,1528
1,normal,15,pyme,casa-K,1529
1,normal,15,pyme,casa-K,1530
1,normal,15,pyme,casa-K,1531
1,normal,15,pyme,casa-K,1532
1,normal,15,pyme,casa-K,1533
1,normal,15,pyme,casa-K,1534
1,normal,15,pyme,casa-K,1535
1,normal,15,pyme,casa-K,1536
1,normal,15,pyme,casa-K,1537
1,normal,15,pyme,casa-K,1538
1,normal,15,pyme,casa-K,1539
1,normal,15,pyme,casa-K,1540
1,normal,15,pyme,casa-K,1541
1,normal,15,pyme,casa-K,1542
1,normal,15,pyme,casa-K,1543
1,normal,15,pyme,casa-K,1544
1,normal,15,pyme,casa-K,1545
1,normal,15,pyme,casa-K,1546
1,normal,15,pyme,casa-K,1547
1,normal,15,pyme,casa-K,1548
1,normal,15,pyme,casa-K,1549
1,normal,15,pyme,casa-K,1550
1,normal,15,pyme,casa-K,1551
1,normal,15,pyme,casa-K,1552
1,normal,15,pyme,casa-K,1553
1,normal,15,pyme,casa-K,1554
1,normal,15,pyme,casa-K,1555
1,normal,15,pyme,casa-K,1556
1,normal,15,pyme,casa-K,1557
1,normal,15,pyme,casa-K,1558
1,normal,15,pyme,casa-K,1559
1,normal,15,pyme,casa-K,1560
1,normal,15,pyme,casa-K,1561
1,normal,15,pyme,casa-K,1562
1,normal,15,pyme,casa-K,1563
1,normal,15,pyme,casa-K,1564
1,normal,15,pyme,casa-K,1565
1,normal,15,pyme,casa-K,1566
1,normal,15,pyme,casa-K,1567
1,normal,15,pyme,casa-K,1568
1,normal,15,pyme,casa-K,1569
1,normal,15,pyme,casa-K,1570
1,normal,15,pyme,casa-K,1571
1,normal,15,pyme,casa-K,1572
1,normal,15,pyme,casa-K,1573
1,normal,15,pyme,casa-K,1574
1,normal,15,pyme,casa-K,1575
1,normal,15,pyme,casa-K,1576
1,normal,15,pyme,casa-K,1577
1,normal,15,pyme,casa-K,1578
1,normal,15,pyme,casa-K,1579
1,normal,15,pyme,casa-K,1580
1,normal,15,pyme,casa-K,1581
1,normal,15,pyme,casa-K,1582
1,normal,15,pyme,casa-K,1583
1,normal,15,pyme,casa-K,1584
1,normal,15,pyme,casa-K,1585
1,normal,15,pyme,casa-K,1586
1,normal,15,pyme,casa-K,1587
1,normal,15,pyme,casa-K,1588
1,normal,15,pyme,casa-K,1589
1,normal,15,pyme,casa-K,1590
1,normal,15,pyme,casa-K,1591
1,normal,15,pyme,casa-K,1592
1,normal,15,pyme,casa-K,1593
1,normal,15,pyme,casa-K,1594
1,normal,15,pyme,casa-K,1595
1,normal,15,pyme,casa-K,1596
1,normal,15,pyme,casa-K,1597
1,normal,15,pyme,casa-K,1598
1,normal,15,pyme,casa-K,1599
1,normal,15,pyme,casa-K,1600
1,normal,15,pyme,casa-K,1601
1,normal,15,pyme,casa-K,1602
1,normal,15,pyme,casa-K,1603
1,normal,15,pyme,casa-K,1604
1,normal,15,pyme,casa-K,1605
1,normal,15,pyme,casa-K,1606
1,normal,15,pyme,casa-K,1607
1,normal,15,pyme,casa-K,1608
1,normal,15,pyme,casa-K,1609
1,normal,15,pyme,casa-K,1610
1,normal,15,pyme,casa-K,1611
1,normal,15,pyme,casa-K,1612
1,normal,15,pyme,casa-K,1613
1,normal,15,pyme,casa-K,1614
1,normal,15,pyme,casa-K,1615
1,normal,15,pyme,casa-K,1616
1,normal,15,pyme,casa-K,1617
1,normal,15,pyme,casa-K,1618
1,normal,15,pyme,casa-K,1619
1,normal,15,pyme,casa-K,1620
1,normal,15,pyme,casa-K,1621
1,normal,15,pyme,casa-K,1622
1,normal,15,pyme,casa-K,1623
1,normal,15,pyme,casa-K,1624
1,normal,15,pyme,casa-K,1625
1,normal,15,pyme,casa-K,1626
1,normal,15,pyme,casa-K,1627
1,normal,15,pyme,casa-K,1628
1,normal,15,pyme,casa-K,1629
1,normal,15,pyme,casa-K,1630
1,normal,15,pyme,casa-K,1631
1,normal,15,pyme,casa-K,1632
1,normal,15,pyme,casa-K,1633
1,normal,15,pyme,casa-K,1634
1,normal,15,pyme,casa-K,1635
1,normal,15,pyme,casa-K,1636
1,normal,15,pyme,casa-K,1637
1,normal,15,pyme,casa-K,1638
1,normal,15,pyme,casa-K,1639
1,normal,15,pyme,casa-K,1640
1,normal,15,pyme,casa-K,1641
1,normal,15,pyme,casa-K,1642
1,normal,15,pyme,casa-K,1643
1,normal,15,pyme,casa-K,1644
1,normal,15,pyme,casa-K,1645
1,normal,15,pyme,casa-K,1646
1,normal,15,pyme,casa-K,1647
1,normal,15,pyme,casa-K,1648
1,normal,15,pyme,casa-K,1649
1,normal,15,pyme,casa-K,1650
1,normal,15,pyme,casa-K,1651
1,normal,15,pyme,casa-K,1652
1,normal,15,pyme,casa-K,1653
1,normal,15,pyme,casa-K,1654
1,normal,15,pyme,casa-K,1655
1,normal,15,pyme,casa-K,1656
1,normal,15,pyme,casa-K,1657
1,normal,15,pyme,casa-K,1658
1,normal,15,pyme,casa-K,1659
1,normal,15,pyme,casa-K,1660
1,normal,15,pyme,casa-K,1661
1,normal,15,pyme,casa-K,1662
1,normal,15,pyme,casa-K,1663
1,normal,15,pyme,casa-K,1664
1,normal,15,pyme,casa-K,1665
1,normal,15,pyme,casa-K,1666
1,normal,15,pyme,casa-K,1667
1,normal,15,pyme,casa-K,1668
1,normal,15,pyme,casa-K,1669
1,normal,15,pyme,casa-K,1670
1,normal,15,pyme,casa-K,1671
1,normal,15,pyme,casa-K,1672
1,normal,15,pyme,casa-K,1673
1,normal,15,pyme,casa-K,1674
1,normal,15,pyme,casa-K,1675
1,normal,15,pyme,casa-K,1676
1,normal,15,pyme,casa-K,1677
1,normal,15,pyme,casa-K,1678
1,normal,15,pyme,casa-K,1679
1,normal,15,pyme,casa-K,1680
1,normal,15,pyme,casa-K,1681
1,normal,15,pyme,casa-K,1682
1,normal,15,pyme,casa-K,1683
1,normal,15,pyme,casa-K,1684
1,normal,15,pyme,casa-K,1685
1,normal,15,pyme,casa-K,1686
1,normal,15,pyme,casa-K,1687
1,normal,15,pyme,casa-K,1688
1,normal,15,pyme,casa-K,1689
1,normal,15,pyme,casa-K,1690
1,normal,15,pyme,casa-K,1691
1,normal,15,pyme,casa-K,1692
1,normal,15,pyme,casa-K,1693
1,normal,15,pyme,casa-K,1694
1,normal,15,pyme,casa-K,1695
1,normal,15,pyme,casa-K,1696
1,normal,15,pyme,casa-K,1697
1,normal,15,pyme,casa-K,1698
1,normal,15,pyme,casa-K,1699
1,normal,15,pyme,casa-K,1700
1,normal,15,pyme,casa-K,1701
1,normal,15,pyme,casa-K,1702
1,normal,15,pyme,casa-K,1703
1,normal,15,pyme,casa-K,1704
1,normal,15,pyme,casa-K,1705
1,normal,15,pyme,casa-K,1706
1,normal,15,pyme,casa-K,1707
1,normal,15,pyme,casa-K,1708
1,normal,15,pyme,casa-K,1709
1,normal,15,pyme,casa-K,1710
1,normal,15,pyme,casa-K,1711
1,normal,15,pyme,casa-K,1712
1,normal,15,pyme,casa-K,1713
1,normal,15,pyme,casa-K,1714
1,normal,15,pyme,casa-K,1715
1,normal,15,pyme,casa-K,1716
1,normal,15,pyme,casa-K,1717
1,normal,15,pyme,casa-K,1718
1,normal,15,pyme,casa-K,1719
1,normal,15,pyme,casa-K,1720
1,normal,15,pyme,casa-K,1721
1,normal,15,pyme,casa-K,1722
1,normal,15,pyme,casa-K,1723
1,normal,15,pyme,casa-K,1724
1,normal,15,pyme,casa-K,1725
1,normal,15,pyme,casa-K,1726
1,normal,15,pyme,casa-K,1727
1,normal,15,pyme,casa-K,1728
1,normal,15,pyme,casa-K,1729
1,normal,15,pyme,casa-K,1730
1,normal,15,pyme,casa-K,1731
1,normal,15,pyme,casa-K,1732
1,normal,15,pyme,casa-K,1733
1,normal,15,pyme,casa-K,1734
1,normal,15,pyme,casa-K,1735
1,normal,15,pyme,casa-K,1736
1,normal,15,pyme,casa-K,1737
1,normal,15,pyme,casa-K,1738
1,normal,15,pyme,casa-K,1739
1,normal,15,pyme,casa-K,1740
1,normal,15,pyme,casa-K,1741
1,normal,15,pyme,casa-K,1742
1,normal,15,pyme,casa-K,1743
1,normal,15,pyme,casa-K,1744
1,normal,15,pyme,casa-K,1745
1,normal,15,pyme,casa-K,1746
1,normal,15,pyme,casa-K,1747
1,normal,15,pyme,casa-K,1748
1,normal,15,pyme,casa-K,1749
1,normal,15,pyme,casa-K,1750
1,normal,15,pyme,casa-K,1751
1,normal,15,pyme,casa-K,1752
1,normal,15,pyme,casa-K,1753
1,normal,15,pyme,casa-K,1754
1,normal,15,pyme,casa-K,1755
1,normal,15,pyme,casa-K,1756
1,normal,15,pyme,casa-K,1757
1,normal,15,pyme,casa-K,1758
1,normal,15,pyme,casa-K,1759
1,normal,15,pyme,casa-K,1760
1,normal,15,pyme,casa-K,1761
1,normal,15,pyme,casa-K,1762
1,normal,15,pyme,casa-K,1763
1,normal,15,pyme,casa-K,1764
1,normal,15,pyme,casa-K,1765
1,normal,15,pyme,casa-K,1766
1,normal,15,pyme,casa-K,1767
1,normal,15,pyme,casa-K,1768
1,normal,15,pyme,casa-K,1769
1,normal,15,pyme,casa-K,1770
1,normal,15,pyme,casa-K,1771
1,normal,15,pyme,casa-K,1772
1,normal,15,pyme,casa-K,1773
1,normal,15,pyme,casa-K,1774
1,normal,15,pyme,casa-K,1775
1,normal,15,pyme,casa-K,1776
1,normal,15,pyme,casa-K,1777
1,normal,15,pyme,casa-K,1778
1,normal,15,pyme,casa-K,1779
1,normal,15,pyme,casa-K,1780
1,normal,15,pyme,casa-K,1781
1,normal,15,pyme,casa-K,1782
1,normal,15,pyme,casa-K,1783
1,normal,15,pyme,casa-K,1784
1,normal,15,pyme,casa-K,1785
1,normal,15,pyme,casa-K,1786
1,normal,15,pyme,casa-K,1787
1,normal,15,pyme,casa-K,1788
1,normal,15,pyme,casa-K,1789
1,normal,15,pyme,casa-K,1790
1,normal,15,pyme,casa-K,1791
1,normal,15,pyme,casa-K,1792
1,normal,15,pyme,casa-K,1793
1,normal,15,pyme,casa-K,1794
1,normal,15,pyme,casa-K,1795
1,normal,15,pyme,casa-K,1796
1,normal,15,pyme,casa-K,1797
1,normal,15,pyme,casa-K,1798
1,normal,15,pyme,casa-K,1799
1,normal,15,pyme,casa-K,1800
1,normal,15,pyme,casa-K,1801
1,normal,15,pyme,casa-K,1802
1,normal,15,pyme,casa-K,1803
1,normal,15,pyme,casa-K,1804
1,normal,15,pyme,casa-K,1805
1,normal,15,pyme,casa-K,1806
1,normal,15,pyme,casa-K,1807
1,normal,15,pyme,casa-K,1808
1,normal,15,pyme,casa-K,1809
1,normal,15,pyme,casa-K,1810
1,normal,15,pyme,casa-K,1811
1,normal,15,pyme,casa-K,1812
1,normal,15,pyme,casa-K,1813
1,normal,15,pyme,casa-K,1814
1,normal,15,pyme,casa-K,1815
1,normal,15,pyme,casa-K,1816
1,normal,15,pyme,casa-K,1817
1,normal,15,pyme,casa-K,1818
1,normal,15,pyme,casa-K,1819
1,normal,15,pyme,casa-K,1820
1,normal,15,pyme,casa-K,1821
1,normal,15,pyme,casa-K,1822
1,normal,15,pyme,casa-K,1823
1,normal,15,pyme,casa-K,1824
1,normal,15,pyme,casa-K,1825
1,normal,15,pyme,casa-K,1826
1,normal,15,pyme,casa-K,1827
1,normal,15,pyme,casa-K,1828
1,normal,15,pyme,casa-K,1829
1,normal,15,pyme,casa-K,1830
1,normal,15,pyme,casa-K,1831
1,normal,15,pyme,casa-K,1832
1,normal,15,pyme,casa-K,1833
1,normal,15,pyme,casa-K,1834
1,normal,15,pyme,casa-K,1835
1,normal,15,pyme,casa-K,1836
1,normal,15,pyme,casa-K,1837
1,normal,15,pyme,casa-K,1838
1,normal,15,pyme,casa-K,1839
1,normal,15,pyme,casa-K,1840
1,normal,15,pyme,casa-K,1841
1,normal,15,pyme,casa-K,1842
1,normal,15,pyme,casa-K,1843
1,normal,15,pyme,casa-K,1844
1,normal,15,pyme,casa-K,1845
1,normal,15,pyme,casa-K,1846
1,normal,15,pyme,casa-K,1847
1,normal,15,pyme,casa-K,1848
1,normal,15,pyme,casa-K,1849
1,normal,15,pyme,casa-K,1850
1,normal,15,pyme,casa-K,1851
1,normal,15,pyme,casa-K,1852
1,normal,15,pyme,casa-K,1853
1,normal,15,pyme,casa-K,1854
1,normal,15,pyme,casa-K,1855
1,normal,15,pyme,casa-K,1856
1,normal,15,pyme,casa-K,1857
1,normal,15,pyme,casa-K,1858
1,normal,15,pyme,casa-K,1859
1,normal,15,pyme,casa-K,1860
1,normal,15,pyme,casa-K,1861
1,normal,15,pyme,casa-K,1862
1,normal,15,pyme,casa-K,1863
1,normal,15,pyme,casa-K,1864
1,normal,15,pyme,casa-K,1865
1,normal,15,pyme,casa-K,1866
1,normal,15,pyme,casa-K,1867
1,normal,15,pyme,casa-K,1868
1,normal,15,pyme,casa-K,1869
1,normal,15,pyme,casa-K,1870
1,normal,15,pyme,casa-K,1871
1,normal,15,pyme,casa-K,1872
1,normal,15,pyme,casa-K,1873
1,normal,15,pyme,casa-K,1874
1,normal,15,pyme,casa-K,1875
1,normal,15,pyme,casa-K,1876
1,normal,15,pyme,casa-K,1877
1,normal,15,pyme,casa-K,1878
1,normal,15,pyme,casa-K,1879
1,normal,15,pyme,casa-K,1880
1,normal,15,pyme,casa-K,1881
1,normal,15,pyme,casa-K,1882
1,normal,15,pyme,casa-K,1883
1,normal,15,pyme,casa-K,1884
1,normal,15,pyme,casa-K,1885
1,normal,15,pyme,casa-K,1886
1,normal,15,pyme,casa-K,1887
1,normal,15,pyme,casa-K,1888
1,normal,15,pyme,casa-K,1889
1,normal,15,pyme,casa-K,1890
1,normal,15,pyme,casa-K,1891
1,normal,15,pyme,casa-K,1892
1,normal,15,pyme,casa-K,1893
1,normal,15,pyme,casa-K,1894
1,normal,15,pyme,casa-K,1895
1,normal,15,pyme,casa-K,1896
1,normal,15,pyme,casa-K,1897
1,normal,15,pyme,casa-K,1898
1,normal,15,pyme,casa-K,1899
1,normal,15,pyme,casa-K,1900
1,normal,15,pyme,casa-K,1901
1,normal,15,pyme,casa-K,1902
1,normal,15,pyme,casa-K,1903
1,normal,15,pyme,casa-K,1904
1,normal,15,pyme,casa-K,1905
1,normal,15,pyme,casa-K,1906
1,normal,15,pyme,casa-K,1907
1,normal,15,pyme,casa-K,1908
1,normal,15,pyme,casa-K,1909
1,normal,15,pyme,casa-K,1910
1,normal,15,pyme,casa-K,1911
1,normal,15,pyme,casa-K,1912
1,normal,15,pyme,casa-K,1913
1,normal,15,pyme,casa-K,1914
1,normal,15,pyme,casa-K,1915
1,normal,15,pyme,casa-K,1916
1,normal,15,pyme,casa-K,1917
1,normal,15,pyme,casa-K,1918
1,normal,15,pyme,casa-K,1919
1,normal,15,pyme,casa-K,1920
1,normal,15,pyme,casa-K,1921
1,normal,15,pyme,casa-K,1922
1,normal,15,pyme,casa-K,1923
1,normal,15,pyme,casa-K,1924
1,normal,15,pyme,casa-K,1925
1,normal,15,pyme,casa-K,1926
1,normal,15,pyme,casa-K,1927
1,normal,15,pyme,casa-K,1928
1,normal,15,pyme,casa-K,1929
1,normal,15,pyme,casa-K,1930
1,normal,15,pyme,casa-K,1931
1,normal,15,pyme,casa-K,1932
1,normal,15,pyme,casa-K,1933
1,normal,15,pyme,casa-K,1934
1,normal,15,pyme,casa-K,1935
1,normal,15,pyme,casa-K,1936
1,normal,15,pyme,casa-K,1937
1,normal,15,pyme,casa-K,1938
1,normal,15,pyme,casa-K,1939
1,normal,15,pyme,casa-K,1940
1,normal,15,pyme,casa-K,1941
1,normal,15,pyme,casa-K,1942
1,normal,15,pyme,casa-K,1943
1,normal,15,pyme,casa-K,1944
1,normal,15,pyme,casa-K,1945
1,normal,15,pyme,casa-K,1946
1,normal,15,pyme,casa-K,1947
1,normal,15,pyme,casa-K,1948
1,normal,15,pyme,casa-K,1949
1,normal,15,pyme,casa-K,1950
1,normal,15,pyme,casa-K,1951
1,normal,15,pyme,casa-K,1952
1,normal,15,pyme,casa-K,1953
1,normal,15,pyme,casa-K,1954
1,normal,15,pyme,casa-K,1955
1,normal,15,pyme,casa-K,1956
1,normal,15,pyme,casa-K,1957
1,normal,15,pyme,casa-K,1958
1,normal,15,pyme,casa-K,1959
1,normal,15,pyme,casa-K,1960
1,normal,15,pyme,casa-K,1961
1,normal,15,pyme,casa-K,1962
1,normal,15,pyme,casa-K,1963
1,normal,15,pyme,casa-K,1964
1,normal,15,pyme,casa-K,1965
1,normal,15,pyme,casa-K,1966
1,normal,15,pyme,casa-K,1967
1,normal,15,pyme,casa-K,1968
1,normal,15,pyme,casa-K,1969
1,normal,15,pyme,casa-K,1970
1,normal,15,pyme,casa-K,1971
1,normal,15,pyme,casa-K,1972
1,normal,15,pyme,casa-K,1973
1,normal,15,pyme,casa-K,1974
1,normal,15,pyme,casa-K,1975
1,normal,15,pyme,casa-K,1976
1,normal,15,pyme,casa-K,1977
1,normal,15,pyme,casa-K,1978
1,normal,15,pyme,casa-K,1979
1,normal,15,pyme,casa-K,1980
1,normal,15,pyme,casa-K,1981
1,normal,15,pyme,casa-K,1982
1,normal,15,pyme,casa-K,1983
1,normal,15,pyme,casa-K,1984
1,normal,15,pyme,casa-K,1985
1,normal,15,pyme,casa-K,1986
1,normal,15,pyme,casa-K,1987
1,normal,15,pyme,casa-K,1988
1,normal,15,pyme,casa-K,1989
1,normal,15,pyme,casa-K,1990
1,normal,15,pyme,casa-K,1991
1,normal,15,pyme,casa-K,1992
1,normal,15,pyme,casa-K,1993
1,normal,15,pyme,casa-K,1994
1,normal,15,pyme,casa-K,1995
1,normal,15,pyme,casa-K,1996
1,normal,15,pyme,casa-K,1997
1,normal,15,pyme,casa-K,1998
1,normal,15,pyme,casa-K,1999
1,normal,15,pyme,casa-K,2000
1,normal,15,pyme,casa-K,2001
1,normal,15,pyme,casa-K,2002
1,normal,15,pyme,casa-K,2003
1,normal,15,pyme,casa-K,2004
1,normal,15,pyme,casa-K,2005
1,normal,15,pyme,casa-K,2006
1,normal,15,pyme,casa-K,2007
1,normal,15,pyme,casa-K,2008
1,normal,15,pyme,casa-K,2009
1,normal,15,pyme,casa-K,2010
1,normal,15,pyme,casa-K,2011
1,normal,15,pyme,casa-K,2012
1,normal,15,pyme,casa-K,2013
1,normal,15,pyme,casa-K,2014
1,normal,15,pyme,casa-K,2015
1,normal,15,pyme,casa-K,2016
1,normal,15,pyme,casa-K,2017
1,normal,15,pyme,casa-K,2018
1,normal,15,pyme,casa-K,2019
1,normal,15,pyme,casa-K,2020
1,normal,15,pyme,casa-K,2021
1,normal,15,pyme,casa-K,2022
1,normal,15,pyme,casa-K,2023
1,normal,15,pyme,casa-K,2024
1,normal,15,pyme,casa-K,2025
1,normal,15,pyme,casa-K,2026
1,normal,15,pyme,casa-K,2027
1,normal,15,pyme,casa-K,2028
1,normal,15,pyme,casa-K,2029
1,normal,15,pyme,casa-K,2030
1,normal,15,pyme,casa-K,2031
1,normal,15,pyme,casa-K,2032
1,normal,15,pyme,casa-K,2033
1,normal,15,pyme,casa-K,2034
1,normal,15,pyme,casa-K,2035
1,normal,15,pyme,casa-K,2036
1,normal,15,pyme,casa-K,2037
1,normal,15,pyme,casa-K,2038
1,normal,15,pyme,casa-K,2039
1,normal,15,pyme,casa-K,2040
1,normal,15,pyme,casa-K,2041
1,normal,15,pyme,casa-K,2042
1,normal,15,pyme,casa-K,2043
1,normal,15,pyme,casa-K,2044
1,normal,15,pyme,casa-K,2045
1,normal,15,pyme,casa-K,2046
1,normal,15,pyme,casa-K,2047
1,normal,15,pyme,casa-K,2048
1,normal,15,pyme,casa-K,2049
1,normal,15,pyme,casa-K,2050
1,normal,15,pyme,casa-K,2051
1,normal,15,pyme,casa-K,2052
1,normal,15,pyme,casa-K,2053
1,normal,15,pyme,casa-K,2054
1,normal,15,pyme,casa-K,2055
1,normal,15,pyme,casa-K,2056
1,normal,15,pyme,casa-K,2057
1,normal,15,pyme,casa-K,2058
1,normal,15,pyme,casa-K,2059
1,normal,15,pyme,casa-K,2060
1,normal,15,pyme,casa-K,2061
1,normal,15,pyme,casa-K,2062
1,normal,15,pyme,casa-K,2063
1,normal,15,pyme,casa-K,2064
1,normal,15,pyme,casa-K,2065
1,normal,15,pyme,casa-K,2066
1,normal,15,pyme,casa-K,2067
1,normal,15,pyme,casa-K,2068
1,normal,15,pyme,casa-K,2069
1,normal,15,pyme,casa-K,2070
1,normal,15,pyme,casa-K,2071
1,normal,15,pyme,casa-K,2072
1,normal,15,pyme,casa-K,2073
1,normal,15,pyme,casa-K,2074
1,normal,15,pyme,casa-K,2075
1,normal,15,pyme,casa-K,2076
1,normal,15,pyme,casa-K,2077
1,normal,15,pyme,casa-K,2078
1,normal,15,pyme,casa-K,2079
1,normal,15,pyme,casa-K,2080
1,normal,15,pyme,casa-K,2081
1,normal,15,pyme,casa-K,2082
1,normal,15,pyme,casa-K,2083
1,normal,15,pyme,casa-K,2084
1,normal,15,pyme,casa-K,2085
1,normal,15,pyme,casa-K,2086
1,normal,15,pyme,casa-K,2087
1,normal,15,pyme,casa-K,2088
1,normal,15,pyme,casa-K,2089
1,normal,15,pyme,casa-K,2090
1,normal,15,pyme,casa-K,2091
1,normal,15,pyme,casa-K,2092
1,normal,15,pyme,casa-K,2093
1,normal,15,pyme,casa-K,2094
1,normal,15,pyme,casa-K,2095
1,normal,15,pyme,casa-K,2096
1,normal,15,pyme,casa-K,2097
1,normal,15,pyme,casa-K,2098
1,normal,15,pyme,casa-K,2099
1,normal,15,pyme,casa-K,2100
1,normal,15,pyme,casa-K,2101
1,normal,15,pyme,casa-K,2102
1,normal,15,pyme,casa-K,2103
1,normal,15,pyme,casa-K,2104
1,normal,15,pyme,casa-K,2105
1,normal,15,pyme,casa-K,2106
1,normal,15,pyme,casa-K,2107
1,normal,15,pyme,casa-K,2108
1,normal,15,pyme,casa-K,2109
1,normal,15,pyme,casa-K,2110
1,normal,15,pyme,casa-K,2111
1,normal,15,pyme,casa-K,2112
1,normal,15,pyme,casa-K,2113
1,normal,15,pyme,casa-K,2114
1,normal,15,pyme,casa-K,2115
1,normal,15,pyme,casa-K,2116
1,normal,15,pyme,casa-K,2117
1,normal,15,pyme,casa-K,2118
1,normal,15,pyme,casa-K,2119
1,normal,15,pyme,casa-K,2120
1,normal,15,pyme,casa-K,2121
1,normal,15,pyme,casa-K,2122
1,normal,15,pyme,casa-K,2123
1,normal,15,pyme,casa-K,2124
1,normal,15,pyme,casa-K,2125
1,normal,15,pyme,casa-K,2126
1,normal,15,pyme,casa-K,2127
1,normal,15,pyme,casa-K,2128
1,normal,15,pyme,casa-K,2129
1,normal,15,pyme,casa-K,2130
1,normal,15,pyme,casa-K,2131
1,normal,15,pyme,casa-K,2132
1,normal,15,pyme,casa-K,2133
1,normal,15,pyme,casa-K,2134
1,normal,15,pyme,casa-K,2135
1,normal,15,pyme,casa-K,2136
1,normal,15,pyme,casa-K,2137
1,normal,15,pyme,casa-K,2138
1,normal,15,pyme,casa-K,2139
1,normal,15,pyme,casa-K,2140
1,normal,15,pyme,casa-K,2141
1,normal,15,pyme,casa-K,2142
1,normal,15,pyme,casa-K,2143
1,normal,15,pyme,casa-K,2144
1,normal,15,pyme,casa-K,2145
1,normal,15,pyme,casa-K,2146
1,normal,15,pyme,casa-K,2147
1,normal,15,pyme,casa-K,2148
1,normal,15,pyme,casa-K,2149
1,normal,15,pyme,casa-K,2150
1,normal,15,pyme,casa-K,2151
1,normal,15,pyme,casa-K,2152
1,normal,15,pyme,casa-K,2153
1,normal,15,pyme,casa-K,2154
1,normal,15,pyme,casa-K,2155
1,normal,15,pyme,casa-K,2156
1,normal,15,pyme,casa-K,2157
1,normal,15,pyme,casa-K,2158
1,normal,15,pyme,casa-K,2159
1,normal,15,pyme,casa-K,2160
1,normal,15,pyme,casa-K,2161
1,normal,15,pyme,casa-K,2162
1,normal,15,pyme,casa-K,2163
1,normal,15,pyme,casa-K,2164
1,normal,15,pyme,casa-K,2165
1,normal,15,pyme,casa-K,2166
1,normal,15,pyme,casa-K,2167
1,normal,15,pyme,casa-K,2168
1,normal,15,pyme,casa-K,2169
1,normal,15,pyme,casa-K,2170
1,normal,15,pyme,casa-K,2171
1,normal,15,pyme,casa-K,2172
1,normal,15,pyme,casa-K,2173
1,normal,15,pyme,casa-K,2174
1,normal,15,pyme,casa-K,2175
1,normal,15,pyme,casa-K,2176
1,normal,15,pyme,casa-K,2177
1,normal,15,pyme,casa-K,2178
1,normal,15,pyme,casa-K,2179
1,normal,15,pyme,casa-K,2180
1,normal,15,pyme,casa-K,2181
1,normal,15,pyme,casa-K,2182
1,normal,15,pyme,casa-K,2183
1,normal,15,pyme,casa-K,2184
1,normal,15,pyme,casa-K,2185
1,normal,15,pyme,casa-K,2186
1,normal,15,pyme,casa-K,2187
1,normal,15,pyme,casa-K,2188
1,normal,15,pyme,casa-K,2189
1,normal,15,pyme,casa-K,2190
1,normal,15,pyme,casa-K,2191
1,normal,15,pyme,casa-K,2192
1,normal,15,pyme,casa-K,2193
1,normal,15,pyme,casa-K,2194
1,normal,15,pyme,casa-K,2195
1,normal,15,pyme,casa-K,2196
1,normal,15,pyme,casa-K,2197
1,normal,15,pyme,casa-K,2198
1,normal,15,pyme,casa-K,2199
1,normal,15,pyme,casa-K,2200
1,normal,15,pyme,casa-K,2201
1,normal,15,pyme,casa-K,2202
1,normal,15,pyme,casa-K,2203
1,normal,15,pyme,casa-K,2204
1,normal,15,pyme,casa-K,2205
1,normal,15,pyme,casa-K,2206
1,normal,15,pyme,casa-K,2207
1,normal,15,pyme,casa-K,2208
1,normal,15,pyme,casa-K,2209
1,normal,15,pyme,casa-K,2210
1,normal,15,pyme,casa-K,2211
1,normal,15,pyme,casa-K,2212
1,normal,15,pyme,casa-K,2213
1,normal,15,pyme,casa-K,2214
1,normal,15,pyme,casa-K,2215
1,normal,15,pyme,casa-K,2216
1,normal,15,pyme,casa-K,2217
1,normal,15,pyme,casa-K,2218
1,normal,15,pyme,casa-K,2219
1,normal,15,pyme,casa-K,2220
1,normal,15,pyme,casa-K,2221
1,normal,15,pyme,casa-K,2222
1,normal,15,pyme,casa-K,2223
1,normal,15,pyme,casa-K,2224
1,normal,15,pyme,casa-K,2225
1,normal,15,pyme,casa-K,2226
1,normal,15,pyme,casa-K,2227
1,normal,15,pyme,casa-K,2228
1,normal,15,pyme,casa-K,2229
1,normal,15,pyme,casa-K,2230
1,normal,15,pyme,casa-K,2231
1,normal,15,pyme,casa-K,2232
1,normal,15,pyme,casa-K,2233
1,normal,15,pyme,casa-K,2234
1,normal,15,pyme,casa-K,2235
1,normal,15,pyme,casa-K,2236
1,normal,15,pyme,casa-K,2237
1,normal,15,pyme,casa-K,2238
1,normal,15,pyme,casa-K,2239
1,normal,15,pyme,casa-K,2240
1,normal,15,pyme,casa-K,2241
1,normal,15,pyme,casa-K,2242
1,normal,15,pyme,casa-K,2243
1,normal,15,pyme,casa-K,2244
1,normal,15,pyme,casa-K,2245
1,normal,15,pyme,casa-K,2246
1,normal,15,pyme,casa-K,2247
1,normal,15,pyme,casa-K,2248
1,normal,15,pyme,casa-K,2249
1,normal,15,pyme,casa-K,2250
1,normal,15,pyme,casa-K,2251
1,normal,15,pyme,casa-K,2252
1,normal,15,pyme,casa-K,2253
1,normal,15,pyme,casa-K,2254
1,normal,15,pyme,casa-K,2255
1,normal,15,pyme,casa-K,2256
1,normal,15,pyme,casa-K,2257
1,normal,15,pyme,casa-K,2258
1,normal,15,pyme,casa-K,2259
1,normal,15,pyme,casa-K,2260
1,normal,15,pyme,casa-K,2261
1,normal,15,pyme,casa-K,2262
1,normal,15,pyme,casa-K,2263
1,normal,15,pyme,casa-K,2264
1,normal,15,pyme,casa-K,2265
1,normal,15,pyme,casa-K,2266
1,normal,15,pyme,casa-K,2267
1,normal,15,pyme,casa-K,2268
1,normal,15,pyme,casa-K,2269
1,normal,15,pyme,casa-K,2270
1,normal,15,pyme,casa-K,2271
1,normal,15,pyme,casa-K,2272
1,normal,15,pyme,casa-K,2273
1,normal,15,pyme,casa-K,2274
1,normal,15,pyme,casa-K,2275
1,normal,15,pyme,casa-K,2276
1,normal,15,pyme,casa-K,2277
1,normal,15,pyme,casa-K,2278
1,normal,15,pyme,casa-K,2279
1,normal,15,pyme,casa-K,2280
1,normal,15,pyme,casa-K,2281
1,normal,15,pyme,casa-K,2282
1,normal,15,pyme,casa-K,2283
1,normal,15,pyme,casa-K,2284
1,normal,15,pyme,casa-K,2285
1,normal,15,pyme,casa-K,2286
1,normal,15,pyme,casa-K,2287
1,normal,15,pyme,casa-K,2288
1,normal,15,pyme,casa-K,2289
1,normal,15,pyme,casa-K,2290
1,normal,15,pyme,casa-K,2291
1,normal,15,pyme,casa-K,2292
1,normal,15,pyme,casa-K,2293
1,normal,15,pyme,casa-K,2294
1,normal,15,pyme,casa-K,2295
1,normal,15,pyme,casa-K,2296
1,normal,15,pyme,casa-K,2297
1,normal,15,pyme,casa-K,2298
1,normal,15,pyme,casa-K,2299
1,normal,15,pyme,casa-K,2300
1,normal,15,pyme,casa-K,2301
1,normal,15,pyme,casa-K,2302
1,normal,15,pyme,casa-K,2303
1,normal,15,pyme,casa-K,2304
1,normal,15,pyme,casa-K,2305
1,normal,15,pyme,casa-K,2306
1,normal,15,pyme,casa-K,2307
1,normal,15,pyme,casa-K,2308
1,normal,15,pyme,casa-K,2309
1,normal,15,pyme,casa-K,2310
1,normal,15,pyme,casa-K,2311
1,normal,15,pyme,casa-K,2312
1,normal,15,pyme,casa-K,2313
1,normal,15,pyme,casa-K,2314
1,normal,15,pyme,casa-K,2315
1,normal,15,pyme,casa-K,2316
1,normal,15,pyme,casa-K,2317
1,normal,15,pyme,casa-K,2318
1,normal,15,pyme,casa-K,2319
1,normal,15,pyme,casa-K,2320
1,normal,15,pyme,casa-K,2321
1,normal,15,pyme,casa-K,2322
1,normal,15,pyme,casa-K,2323
1,normal,15,pyme,casa-K,2324
1,normal,15,pyme,casa-K,2325
1,normal,15,pyme,casa-K,2326
1,normal,15,pyme,casa-K,2327
1,normal,15,pyme,casa-K,2328
1,normal,15,pyme,casa-K,2329
1,normal,15,pyme,casa-K,2330
1,normal,15,pyme,casa-K,2331
1,normal,15,pyme,casa-K,2332
1,normal,15,pyme,casa-K,2333
1,normal,15,pyme,casa-K,2334
1,normal,15,pyme,casa-K,2335
1,normal,15,pyme,casa-K,2336
1,normal,15,pyme,casa-K,2337
1,normal,15,pyme,casa-K,2338
1,normal,15,pyme,casa-K,2339
1,normal,15,pyme,casa-K,2340
1,normal,15,pyme,casa-K,2341
1,normal,15,pyme,casa-K,2342
1,normal,15,pyme,casa-K,2343
1,normal,15,pyme,casa-K,2344
1,normal,15,pyme,casa-K,2345
1,normal,15,pyme,casa-K,2346
1,normal,15,pyme,casa-K,2347
1,normal,15,pyme,casa-K,2348
1,normal,15,pyme,casa-K,2349
1,normal,15,pyme,casa-K,2350
1,normal,15,pyme,casa-K,2351
1,normal,15,pyme,casa-K,2352
1,normal,15,pyme,casa-K,2353
1,normal,15,pyme,casa-K,2354
1,normal,15,pyme,casa-K,2355
1,normal,15,pyme,casa-K,2356
1,normal,15,pyme,casa-K,2357
1,normal,15,pyme,casa-K,2358
1,normal,15,pyme,casa-K,2359
1,normal,15,pyme,casa-K,2360
1,normal,15,pyme,casa-K,2361
1,normal,15,pyme,casa-K,2362
1,normal,15,pyme,casa-K,2363
1,normal,15,pyme,casa-K,2364
1,normal,15,pyme,casa-K,2365
1,normal,15,pyme,casa-K,2366
1,normal,15,pyme,casa-K,2367
1,normal,15,pyme,casa-K,2368
1,normal,15,pyme,casa-K,2369
1,normal,15,pyme,casa-K,2370
1,normal,15,pyme,casa-K,2371
1,normal,15,pyme,casa-K,2372
1,normal,15,pyme,casa-K,2373
1,normal,15,pyme,casa-K,2374
1,normal,15,pyme,casa-K,2375
1,normal,15,pyme,casa-K,2376
1,normal,15,pyme,casa-K,2377
1,normal,15,pyme,casa-K,2378
1,normal,15,pyme,casa-K,2379
1,normal,15,pyme,casa-K,2380
1,normal,15,pyme,casa-K,2381
1,normal,15,pyme,casa-K,2382
1,normal,15,pyme,casa-K,2383
1,normal,15,pyme,casa-K,2384
1,normal,15,pyme,casa-K,2385
1,normal,15,pyme,casa-K,2386
1,normal,15,pyme,casa-K,2387
1,normal,15,pyme,casa-K,2388
1,normal,15,pyme,casa-K,2389
1,normal,15,pyme,casa-K,2390
1,normal,15,pyme,casa-K,2391
1,normal,15,pyme,casa-K,2392
1,normal,15,pyme,casa-K,2393
1,normal,15,pyme,casa-K,2394
1,normal,15,pyme,casa-K,2395
1,normal,15,pyme,casa-K,2396
1,normal,15,pyme,casa-K,2397
1,normal,15,pyme,casa-K,2398
1,normal,15,pyme,casa-K,2399
1,normal,15,pyme,casa-K,2400
1,normal,15,pyme,casa-K,2401
1,normal,15,pyme,casa-K,2402
1,normal,15,pyme,casa-K,2403
1,normal,15,pyme,casa-K,2404
1,normal,15,pyme,casa-K,2405
1,normal,15,pyme,casa-K,2406
1,normal,15,pyme,casa-K,2407
1,normal,15,pyme,casa-K,2408
1,normal,15,pyme,casa-K,2409
1,normal,15,pyme,casa-K,2410
1,normal,15,pyme,casa-K,2411
1,normal,15,pyme,casa-K,2412
1,normal,15,pyme,casa-K,2413
1,normal,15,pyme,casa-K,2414
1,normal,15,pyme,casa-K,2415
1,normal,15,pyme,casa-K,2416
1,normal,15,pyme,casa-K,2417
1,normal,15,pyme,casa-K,2418
1,normal,15,pyme,casa-K,2419
1,normal,15,pyme,casa-K,2420
1,normal,15,pyme,casa-K,2421
1,normal,15,pyme,casa-K,2422
1,normal,15,pyme,casa-K,2423
1,normal,15,pyme,casa-K,2424
1,normal,15,pyme,casa-K,2425
1,normal,15,pyme,casa-K,2426
1,normal,15,pyme,casa-K,2427
1,normal,15,pyme,casa-K,2428
1,normal,15,pyme,casa-K,2429
1,normal,15,pyme,casa-K,2430
1,normal,15,pyme,casa-K,2431
1,normal,15,pyme,casa-K,2432
1,normal,15,pyme,casa-K,2433
1,normal,15,pyme,casa-K,2434
1,normal,15,pyme,casa-K,2435
1,normal,15,pyme,casa-K,2436
1,normal,15,pyme,casa-K,2437
1,normal,15,pyme,casa-K,2438
1,normal,15,pyme,casa-K,2439
1,normal,15,pyme,casa-K,2440
1,normal,15,pyme,casa-K,2441
1,normal,15,pyme,casa-K,2442
1,normal,15,pyme,casa-K,2443
1,normal,15,pyme,casa-K,2444
1,normal,15,pyme,casa-K,2445
1,normal,15,pyme,casa-K,2446
1,normal,15,pyme,casa-K,2447
1,normal,15,pyme,casa-K,2448
1,normal,15,pyme,casa-K,2449
1,normal,15,pyme,casa-K,2450
1,normal,15,pyme,casa-K,2451
1,normal,15,pyme,casa-K,2452
1,normal,15,pyme,casa-K,2453
1,normal,15,pyme,casa-K,2454
1,normal,15,pyme,casa-K,2455
1,normal,15,pyme,casa-K,2456
1,normal,15,pyme,casa-K,2457
1,normal,15,pyme,casa-K,2458
1,normal,15,pyme,casa-K,2459
1,normal,15,pyme,casa-K,2460
1,normal,15,pyme,casa-K,2461
1,normal,15,pyme,casa-K,2462
1,normal,15,pyme,casa-K,2463
1,normal,15,pyme,casa-K,2464
1,normal,15,pyme,casa-K,2465
1,normal,15,pyme,casa-K,2466
1,normal,15,pyme,casa-K,2467
1,normal,15,pyme,casa-K,2468
1,normal,15,pyme,casa-K,2469
1,normal,15,pyme,casa-K,2470
1,normal,15,pyme,casa-K,2471
1,normal,15,pyme,casa-K,2472
1,normal,15,pyme,casa-K,2473
1,normal,15,pyme,casa-K,2474
1,normal,15,pyme,casa-K,2475
1,normal,15,pyme,casa-K,2476
1,normal,15,pyme,casa-K,2477
1,normal,15,pyme,casa-K,2478
1,normal,15,pyme,casa-K,2479
1,normal,15,pyme,casa-K,2480
1,normal,15,pyme,casa-K,2481
1,normal,15,pyme,casa-K,2482
1,normal,15,pyme,casa-K,2483
1,normal,15,pyme,casa-K,2484
1,normal,15,pyme,casa-K,2485
1,normal,15,pyme,casa-K,2486
1,normal,15,pyme,casa-K,2487
1,normal,15,pyme,casa-K,2488
1,normal,15,pyme,casa-K,2489
1,normal,15,pyme,casa-K,2490
1,normal,15,pyme,casa-K,2491
1,normal,15,pyme,casa-K,2492
1,normal,15,pyme,casa-K,2493
1,normal,15,pyme,casa-K,2494
1,normal,15,pyme,casa-K,2495
1,normal,15,pyme,casa-K,2496
1,normal,15,pyme,casa-K,2497
1,normal,15,pyme,casa-K,2498
1,normal,15,pyme,casa-K,2499
1,normal,15,pyme,casa-K,2500
1,normal,15,pyme,casa-K,2501
1,normal,15,pyme,casa-K,2502
1,normal,15,pyme,casa-K,2503
1,normal,15,pyme,casa-K,2504
1,normal,15,pyme,casa-K,2505
1,normal,15,pyme,casa-K,2506
1,normal,15,pyme,casa-K,2507
1,normal,15,pyme,casa-K,2508
1,normal,15,pyme,casa-K,2509
1,normal,15,pyme,casa-K,2510
1,normal,15,pyme,casa-K,2511
1,normal,15,pyme,casa-K,2512
1,normal,15,pyme,casa-K,2513
1,normal,15,pyme,casa-K,2514
1,normal,15,pyme,casa-K,2515
1,normal,15,pyme,casa-K,2516
1,normal,15,pyme,casa-K,2517
1,normal,15,pyme,casa-K,2518
1,normal,15,pyme,casa-K,2519
1,normal,15,pyme,casa-K,2520
1,normal,15,pyme,casa-K,2521
1,normal,15,pyme,casa-K,2522
1,normal,15,pyme,casa-K,2523
1,normal,15,pyme,casa-K,2524
1,normal,15,pyme,casa-K,2525
1,normal,15,pyme,casa-K,2526
1,normal,15,pyme,casa-K,2527
1,normal,15,pyme,casa-K,2528
1,normal,15,pyme,casa-K,2529
1,normal,15,pyme,casa-K,2530
1,normal,15,pyme,casa-K,2531
1,normal,15,pyme,casa-K,2532
1,normal,15,pyme,casa-K,2533
1,normal,15,pyme,casa-K,2534
1,normal,15,pyme,casa-K,2535
1,normal,15,pyme,casa-K,2536
1,normal,15,pyme,casa-K,2537
1,normal,15,pyme,casa-K,2538
1,normal,15,pyme,casa-K,2539
1,normal,15,pyme,casa-K,2540
1,normal,15,pyme,casa-K,2541
1,normal,15,pyme,casa-K,2542
1,normal,15,pyme,casa-K,2543
1,normal,15,pyme,casa-K,2544
1,normal,15,pyme,casa-K,2545
1,normal,15,pyme,casa-K,2546
1,normal,15,pyme,casa-K,2547
1,normal,15,pyme,casa-K,2548
1,normal,15,pyme,casa-K,2549
1,normal,15,pyme,casa-K,2550
1,normal,15,pyme,casa-K,2551
1,normal,15,pyme,casa-K,2552
1,normal,15,pyme,casa-K,2553
1,normal,15,pyme,casa-K,2554
1,normal,15,pyme,casa-K,2555
1,normal,15,pyme,casa-K,2556
1,normal,15,pyme,casa-K,2557
1,normal,15,pyme,casa-K,2558
1,normal,15,pyme,casa-K,2559
1,normal,15,pyme,casa-K,2560
1,normal,15,pyme,casa-K,2561
1,normal,15,pyme,casa-K,2562
1,normal,15,pyme,casa-K,2563
1,normal,15,pyme,casa-K,2564
1,normal,15,pyme,casa-K,2565
1,normal,15,pyme,casa-K,2566
1,normal,15,pyme,casa-K,2567
1,normal,15,pyme,casa-K,2568
1,normal,15,pyme,casa-K,2569
1,normal,15,pyme,casa-K,2570
1,normal,15,pyme,casa-K,2571
1,normal,15,pyme,casa-K,2572
1,normal,15,pyme,casa-K,2573
1,normal,15,pyme,casa-K,2574
1,normal,15,pyme,casa-K,2575
1,normal,15,pyme,casa-K,2576
1,normal,15,pyme,casa-K,2577
1,normal,15,pyme,casa-K,2578
1,normal,15,pyme,casa-K,2579
1,normal,15,pyme,casa-K,2580
1,normal,15,pyme,casa-K,2581
1,normal,15,pyme,casa-K,2582
1,normal,15,pyme,casa-K,2583
1,normal,15,pyme,casa-K,2584
1,normal,15,pyme,casa-K,2585
1,normal,15,pyme,casa-K,2586
1,normal,15,pyme,casa-K,2587
1,normal,15,pyme,casa-K,2588
1,normal,15,pyme,casa-K,2589
1,normal,15,pyme,casa-K,2590
1,normal,15,pyme,casa-K,2591
1,normal,15,pyme,casa-K,2592
1,normal,15,pyme,casa-K,2593
1,normal,15,pyme,casa-K,2594
1,normal,15,pyme,casa-K,2595
1,normal,15,pyme,casa-K,2596
1,normal,15,pyme,casa-K,2597
1,normal,15,pyme,casa-K,2598
1,normal,15,pyme,casa-K,2599
1,normal,15,pyme,casa-K,2600
1,normal,15,pyme,casa-K,2601
1,normal,15,pyme,casa-K,2602
1,normal,15,pyme,casa-K,2603
1,normal,15,pyme,casa-K,2604
1,normal,15,pyme,casa-K,2605
1,normal,15,pyme,casa-K,2606
1,normal,15,pyme,casa-K,2607
1,normal,15,pyme,casa-K,2608
1,normal,15,pyme,casa-K,2609
1,normal,15,pyme,casa-K,2610
1,normal,15,pyme,casa-K,2611
1,normal,15,pyme,casa-K,2612
1,normal,15,pyme,casa-K,2613
1,normal,15,pyme,casa-K,2614
1,normal,15,pyme,casa-K,2615
1,normal,15,pyme,casa-K,2616
1,normal,15,pyme,casa-K,2617
1,normal,15,pyme,casa-K,2618
1,normal,15,pyme,casa-K,2619
1,normal,15,pyme,casa-K,2620
1,normal,15,pyme,casa-K,2621
1,normal,15,pyme,casa-K,2622
1,normal,15,pyme,casa-K,2623
1,normal,15,pyme,casa-K,2624
1,normal,15,pyme,casa-K,2625
1,normal,15,pyme,casa-K,2626
1,normal,15,pyme,casa-K,2627
1,normal,15,pyme,casa-K,2628
1,normal,15,pyme,casa-K,2629
1,normal,15,pyme,casa-K,2630
1,normal,15,pyme,casa-K,2631
1,normal,15,pyme,casa-K,2632
1,normal,15,pyme,casa-K,2633
1,normal,15,pyme,casa-K,2634
1,normal,15,pyme,casa-K,2635
1,normal,15,pyme,casa-K,2636
1,normal,15,pyme,casa-K,2637
1,normal,15,pyme,casa-K,2638
1,normal,15,pyme,casa-K,2639
1,normal,15,pyme,casa-K,2640
1,normal,15,pyme,casa-K,2641
1,normal,15,pyme,casa-K,2642
1,normal,15,pyme,casa-K,2643
1,normal,15,pyme,casa-K,2644
1,normal,15,pyme,casa-K,2645
1,normal,15,pyme,casa-K,2646
1,normal,15,pyme,casa-K,2647
1,normal,15,pyme,casa-K,2648
1,normal,15,pyme,casa-K,2649
1,normal,15,pyme,casa-K,2650
1,normal,15,pyme,casa-K,2651
1,normal,15,pyme,casa-K,2652
1,normal,15,pyme,casa-K,2653
1,normal,15,pyme,casa-K,2654
1,normal,15,pyme,casa-K,2655
1,normal,15,pyme,casa-K,2656
1,normal,15,pyme,casa-K,2657
1,normal,15,pyme,casa-K,2658
1,normal,15,pyme,casa-K,2659
1,normal,15,pyme,casa-K,2660
1,normal,15,pyme,casa-K,2661
1,normal,15,pyme,casa-K,2662
1,normal,15,pyme,casa-K,2663
1,normal,15,pyme,casa-K,2664
1,normal,15,pyme,casa-K,2665
1,normal,15,pyme,casa-K,2666
1,normal,15,pyme,casa-K,2667
1,normal,15,pyme,casa-K,2668
1,normal,15,pyme,casa-K,2669
1,normal,15,pyme,casa-K,2670
1,normal,15,pyme,casa-K,2671
1,normal,15,pyme,casa-K,2672
1,normal,15,pyme,casa-K,2673
1,normal,15,pyme,casa-K,2674
1,normal,15,pyme,casa-K,2675
1,normal,15,pyme,casa-K,2676
1,normal,15,pyme,casa-K,2677
1,normal,15,pyme,casa-K,2678
1,normal,15,pyme,casa-K,2679
1,normal,15,pyme,casa-K,2680
1,normal,15,pyme,casa-K,2681
1,normal,15,pyme,casa-K,2682
1,normal,15,pyme,casa-K,2683
1,normal,15,pyme,casa-K,2684
1,normal,15,pyme,casa-K,2685
1,normal,15,pyme,casa-K,2686
1,normal,15,pyme,casa-K,2687
1,normal,15,pyme,casa-K,2688
1,normal,15,pyme,casa-K,2689
1,normal,15,pyme,casa-K,2690
1,normal,15,pyme,casa-K,2691
1,normal,15,pyme,casa-K,2692
1,normal,15,pyme,casa-K,2693
1,normal,15,pyme,casa-K,2694
1,normal,15,pyme,casa-K,2695
1,normal,15,pyme,casa-K,2696
1,normal,15,pyme,casa-K,2697
1,normal,15,pyme,casa-K,2698
1,normal,15,pyme,casa-K,2699
1,normal,15,pyme,casa-K,2700
1,normal,15,pyme,casa-K,2701
1,normal,15,pyme,casa-K,2702
1,normal,15,pyme,casa-K,2703
1,normal,15,pyme,casa-K,2704
1,normal,15,pyme,casa-K,2705
1,normal,15,pyme,casa-K,2706
1,normal,15,pyme,casa-K,2707
1,normal,15,pyme,casa-K,2708
1,normal,15,pyme,casa-K,2709
1,normal,15,pyme,casa-K,2710
1,normal,15,pyme,casa-K,2711
1,normal,15,pyme,casa-K,2712
1,normal,15,pyme,casa-K,2713
1,normal,15,pyme,casa-K,2714
1,normal,15,pyme,casa-K,2715
1,normal,15,pyme,casa-K,2716
1,normal,15,pyme,casa-K,2717
1,normal,15,pyme,casa-K,2718
1,normal,15,pyme,casa-K,2719
1,normal,15,pyme,casa-K,2720
1,normal,15,pyme,casa-K,2721
1,normal,15,pyme,casa-K,2722
1,normal,15,pyme,casa-K,2723
1,normal,15,pyme,casa-K,2724
1,normal,15,pyme,casa-K,2725
1,normal,15,pyme,casa-K,2726
1,normal,15,pyme,casa-K,2727
1,normal,15,pyme,casa-K,2728
1,normal,15,pyme,casa-K,2729
1,normal,15,pyme,casa-K,2730
1,normal,15,pyme,casa-K,2731
1,normal,15,pyme,casa-K,2732
1,normal,15,pyme,casa-K,2733
1,normal,15,pyme,casa-K,2734
1,normal,15,pyme,casa-K,2735
1,normal,15,pyme,casa-K,2736
1,normal,15,pyme,casa-K,2737
1,normal,15,pyme,casa-K,2738
1,normal,15,pyme,casa-K,2739
1,normal,15,pyme,casa-K,2740
1,normal,15,pyme,casa-K,2741
1,normal,15,pyme,casa-K,2742
1,normal,15,pyme,casa-K,2743
1,normal,15,pyme,casa-K,2744
1,normal,15,pyme,casa-K,2745
1,normal,15,pyme,casa-K,2746
1,normal,15,pyme,casa-K,2747
1,normal,15,pyme,casa-K,2748
1,normal,15,pyme,casa-K,2749
1,normal,15,pyme,casa-K,2750
1,normal,15,pyme,casa-K,2751
1,normal,15,pyme,casa-K,2752
1,normal,15,pyme,casa-K,2753
1,normal,15,pyme,casa-K,2754
1,normal,15,pyme,casa-K,2755
1,normal,15,pyme,casa-K,2756
1,normal,15,pyme,casa-K,2757
1,normal,15,pyme,casa-K,2758
1,normal,15,pyme,casa-K,2759
1,normal,15,pyme,casa-K,2760
1,normal,15,pyme,casa-K,2761
1,normal,15,pyme,casa-K,2762
1,normal,15,pyme,casa-K,2763
1,normal,15,pyme,casa-K,2764
1,normal,15,pyme,casa-K,2765
1,normal,15,pyme,casa-K,2766
1,normal,15,pyme,casa-K,2767
1,normal,15,pyme,casa-K,2768
1,normal,15,pyme,casa-K,2769
1,normal,15,pyme,casa-K,2770
1,normal,15,pyme,casa-K,2771
1,normal,15,pyme,casa-K,2772
1,normal,15,pyme,casa-K,2773
1,normal,15,pyme,casa-K,2774
1,normal,15,pyme,casa-K,2775
1,normal,15,pyme,casa-K,2776
1,normal,15,pyme,casa-K,2777
1,normal,15,pyme,casa-K,2778
1,normal,15,pyme,casa-K,2779
1,normal,15,pyme,casa-K,2780
1,normal,15,pyme,casa-K,2781
1,normal,15,pyme,casa-K,2782
1,normal,15,pyme,casa-K,2783
1,normal,15,pyme,casa-K,2784
1,normal,15,pyme,casa-K,2785
1,normal,15,pyme,casa-K,2786
1,normal,15,pyme,casa-K,2787
1,normal,15,pyme,casa-K,2788
1,normal,15,pyme,casa-K,2789
1,normal,15,pyme,casa-K,2790
1,normal,15,pyme,casa-K,2791
1,normal,15,pyme,casa-K,2792
1,normal,15,pyme,casa-K,2793
1,normal,15,pyme,casa-K,2794
1,normal,15,pyme,casa-K,2795
1,normal,15,pyme,casa-K,2796
1,normal,15,pyme,casa-K,2797
1,normal,15,pyme,casa-K,2798
1,normal,15,pyme,casa-K,2799
1,normal,15,pyme,casa-K,2800
1,normal,15,pyme,casa-K,2801
1,normal,15,pyme,casa-K,2802
1,normal,15,pyme,casa-K,2803
1,normal,15,pyme,casa-K,2804
1,normal,15,pyme,casa-K,2805
1,normal,15,pyme,casa-K,2806
1,normal,15,pyme,casa-K,2807
1,normal,15,pyme,casa-K,2808
1,normal,15,pyme,casa-K,2809
1,normal,15,pyme,casa-K,2810
1,normal,15,pyme,casa-K,2811
1,normal,15,pyme,casa-K,2812
1,normal,15,pyme,casa-K,2813
1,normal,15,pyme,casa-K,2814
1,normal,15,pyme,casa-K,2815
1,normal,15,pyme,casa-K,2816
1,normal,15,pyme,casa-K,2817
1,normal,15,pyme,casa-K,2818
1,normal,15,pyme,casa-K,2819
1,normal,15,pyme,casa-K,2820
1,normal,15,pyme,casa-K,2821
1,normal,15,pyme,casa-K,2822
1,normal,15,pyme,casa-K,2823
1,normal,15,pyme,casa-K,2824
1,normal,15,pyme,casa-K,2825
1,normal,15,pyme,casa-K,2826
1,normal,15,pyme,casa-K,2827
1,normal,15,pyme,casa-K,2828
1,normal,15,pyme,casa-K,2829
1,normal,15,pyme,casa-K,2830
1,normal,15,pyme,casa-K,2831
1,normal,15,pyme,casa-K,2832
1,normal,15,pyme,casa-K,2833
1,normal,15,pyme,casa-K,2834
1,normal,15,pyme,casa-K,2835
1,normal,15,pyme,casa-K,2836
1,normal,15,pyme,casa-K,2837
1,normal,15,pyme,casa-K,2838
1,normal,15,pyme,casa-K,2839
1,normal,15,pyme,casa-K,2840
1,normal,15,pyme,casa-K,2841
1,normal,15,pyme,casa-K,2842
1,normal,15,pyme,casa-K,2843
1,normal,15,pyme,casa-K,2844
1,normal,15,pyme,casa-K,2845
1,normal,15,pyme,casa-K,2846
1,normal,15,pyme,casa-K,2847
1,normal,15,pyme,casa-K,2848
1,normal,15,pyme,casa-K,2849
1,normal,15,pyme,casa-K,2850
1,normal,15,pyme,casa-K,2851
1,normal,15,pyme,casa-K,2852
1,normal,15,pyme,casa-K,2853
1,normal,15,pyme,casa-K,2854
1,normal,15,pyme,casa-K,2855
1,normal,15,pyme,casa-K,2856
1,normal,15,pyme,casa-K,2857
1,normal,15,pyme,casa-K,2858
1,normal,15,pyme,casa-K,2859
1,normal,15,pyme,casa-K,2860
1,normal,15,pyme,casa-K,2861
1,normal,15,pyme,casa-K,2862
1,normal,15,pyme,casa-K,2863
1,normal,15,pyme,casa-K,2864
1,normal,15,pyme,casa-K,2865
1,normal,15,pyme,casa-K,2866
1,normal,15,pyme,casa-K,2867
1,normal,15,pyme,casa-K,2868
1,normal,15,pyme,casa-K,2869
1,normal,15,pyme,casa-K,2870
1,normal,15,pyme,casa-K,2871
1,normal,15,pyme,casa-K,2872
1,normal,15,pyme,casa-K,2873
1,normal,15,pyme,casa-K,2874
1,normal,15,pyme,casa-K,2875
1,normal,15,pyme,casa-K,2876
1,normal,15,pyme,casa-K,2877
1,normal,15,pyme,casa-K,2878
1,normal,15,pyme,casa-K,2879
1,normal,15,pyme,casa-K,2880
1,normal,15,pyme,casa-K,2881
1,normal,15,pyme,casa-K,2882
1,normal,15,pyme,casa-K,2883
1,normal,15,pyme,casa-K,2884
1,normal,15,pyme,casa-K,2885
1,normal,15,pyme,casa-K,2886
1,normal,15,pyme,casa-K,2887
1,normal,15,pyme,casa-K,2888
1,normal,15,pyme,casa-K,2889
1,normal,15,pyme,casa-K,2890
1,normal,15,pyme,casa-K,2891
1,normal,15,pyme,casa-K,2892
1,normal,15,pyme,casa-K,2893
1,normal,15,pyme,casa-K,2894
1,normal,15,pyme,casa-K,2895
1,normal,15,pyme,casa-K,2896
1,normal,15,pyme,casa-K,2897
1,normal,15,pyme,casa-K,2898
1,normal,15,pyme,casa-K,2899
1,normal,15,pyme,casa-K,2900
1,normal,15,pyme,casa-K,2901
1,normal,15,pyme,casa-K,2902
1,normal,15,pyme,casa-K,2903
1,normal,15,pyme,casa-K,2904
1,normal,15,pyme,casa-K,2905
1,normal,15,pyme,casa-K,2906
1,normal,15,pyme,casa-K,2907
1,normal,15,pyme,casa-K,2908
1,normal,15,pyme,casa-K,2909
1,normal,15,pyme,casa-K,2910
1,normal,15,pyme,casa-K,2911
1,normal,15,pyme,casa-K,2912
1,normal,15,pyme,casa-K,2913
1,normal,15,pyme,casa-K,2914
1,normal,15,pyme,casa-K,2915
1,normal,15,pyme,casa-K,2916
1,normal,15,pyme,casa-K,2917
1,normal,15,pyme,casa-K,2918
1,normal,15,pyme,casa-K,2919
1,normal,15,pyme,casa-K,2920
1,normal,15,pyme,casa-K,2921
1,normal,15,pyme,casa-K,2922
1,normal,15,pyme,casa-K,2923
1,normal,15,pyme,casa-K,2924
1,normal,15,pyme,casa-K,2925
1,normal,15,pyme,casa-K,2926
1,normal,15,pyme,casa-K,2927
1,normal,15,pyme,casa-K,2928
1,normal,15,pyme,casa-K,2929
1,normal,15,pyme,casa-K,2930
1,normal,15,pyme,casa-K,2931
1,normal,15,pyme,casa-K,2932
1,normal,15,pyme,casa-K,2933
1,normal,15,pyme,casa-K,2934
1,normal,15,pyme,casa-K,2935
1,normal,15,pyme,casa-K,2936
1,normal,15,pyme,casa-K,2937
1,normal,15,pyme,casa-K,2938
1,normal,15,pyme,casa-K,2939
1,normal,15,pyme,casa-K,2940
1,normal,15,pyme,casa-K,2941
1,normal,15,pyme,casa-K,2942
1,normal,15,pyme,casa-K,2943
1,normal,15,pyme,casa-K,2944
1,normal,15,pyme,casa-K,2945
1,normal,15,pyme,casa-K,2946
1,normal,15,pyme,casa-K,2947
1,normal,15,pyme,casa-K,2948
1,normal,15,pyme,casa-K,2949
1,normal,15,pyme,casa-K,2950
1,normal,15,pyme,casa-K,2951
1,normal,15,pyme,casa-K,2952
1,normal,15,pyme,casa-K,2953
1,normal,15,pyme,casa-K,2954
1,normal,15,pyme,casa-K,2955
1,normal,15,pyme,casa-K,2956
1,normal,15,pyme,casa-K,2957
1,normal,15,pyme,casa-K,2958
1,normal,15,pyme,casa-K,2959
1,normal,15,pyme,casa-K,2960
1,normal,15,pyme,casa-K,2961
1,normal,15,pyme,casa-K,2962
1,normal,15,pyme,casa-K,2963
1,normal,15,pyme,casa-K,2964
1,normal,15,pyme,casa-K,2965
1,normal,15,pyme,casa-K,2966
1,normal,15,pyme,casa-K,2967
1,normal,15,pyme,casa-K,2968
1,normal,15,pyme,casa-K,2969
1,normal,15,pyme,casa-K,2970
1,normal,15,pyme,casa-K,2971
1,normal,15,pyme,casa-K,2972
1,normal,15,pyme,casa-K,2973
1,normal,15,pyme,casa-K,2974
1,normal,15,pyme,casa-K,2975
1,normal,15,pyme,casa-K,2976
1,normal,15,pyme,casa-K,2977
1,normal,15,pyme,casa-K,2978
1,normal,15,pyme,casa-K,2979
1,normal,15,pyme,casa-K,2980
1,normal,15,pyme,casa-K,2981
1,normal,15,pyme,casa-K,2982
1,normal,15,pyme,casa-K,2983
1,normal,15,pyme,casa-K,2984
1,normal,15,pyme,casa-K,2985
1,normal,15,pyme,casa-K,2986
1,normal,15,pyme,casa-K,2987
1,normal,15,pyme,casa-K,2988
1,normal,15,pyme,casa-K,2989
1,normal,15,pyme,casa-K,2990
1,normal,15,pyme,casa-K,2991
1,normal,15,pyme,casa-K,2992
1,normal,15,pyme,casa-K,2993
1,normal,15,pyme,casa-K,2994
1,normal,15,pyme,casa-K,2995
1,normal,15,pyme,casa-K,2996
1,normal,15,pyme,casa-K,2997
1,normal,15,pyme,casa-K,2998
1,normal,15,pyme,casa-K,2999
1,normal,15,pyme,casa-K,3000
1,normal,15,pyme,casa-K,3001
1,normal,15,pyme,casa-K,3002
1,normal,15,pyme,casa-K,3003
1,normal,15,pyme,casa-K,3004
1,normal,15,pyme,casa-K,3005
1,normal,15,pyme,casa-K,3006
1,normal,15,pyme,casa-K,3007
1,normal,15,pyme,casa-K,3008
1,normal,15,pyme,casa-K,3009
1,normal,15,pyme,casa-K,3010
1,normal,15,pyme,casa-K,3011
1,normal,15,pyme,casa-K,3012
1,normal,15,pyme,casa-K,3013
1,normal,15,pyme,casa-K,3014
1,normal,15,pyme,casa-K,3015
1,normal,15,pyme,casa-K,3016
1,normal,15,pyme,casa-K,3017
1,normal,15,pyme,casa-K,3018
1,normal,15,pyme,casa-K,3019
1,normal,15,pyme,casa-K,3020
1,normal,15,pyme,casa-K,3021
1,normal,15,pyme,casa-K,3022
1,normal,15,pyme,casa-K,3023
1,normal,15,pyme,casa-K,3024
1,normal,15,pyme,casa-K,3025
1,normal,15,pyme,casa-K,3026
1,normal,15,pyme,casa-K,3027
1,normal,15,pyme,casa-K,3028
1,normal,15,pyme,casa-K,3029
1,normal,15,pyme,casa-K,3030
1,normal,15,pyme,casa-K,3031
1,normal,15,pyme,casa-K,3032
1,normal,15,pyme,casa-K,3033
1,normal,15,pyme,casa-K,3034
1,normal,15,pyme,casa-K,3035
1,normal,15,pyme,casa-K,3036
1,normal,15,pyme,casa-K,3037
2,normal,8,pyme,casa-A,1
3,normal,10,pyme,casa-A,1
2,normal,8,pyme,casa-A,1
3,normal,10,pyme,casa-A,1
2,normal,8,pyme,casa-A,1
3,normal,10,pyme,casa-A,1
2,normal,8,pyme,casa-A,1
3,normal,10,pyme,casa-A,1
2,normal,8,pyme,casa-A,1
3,normal,10,pyme,casa-A,1
2,normal,8,pyme,casa-A,1
3,normal,10,pyme,casa-A,1
2,normal,8,pyme,casa-A,1
3,normal,10,pyme,casa-A,1
2,normal,8,pyme,casa-A,1
3,normal,10,pyme,casa-A,1
1,normal,15,pyme,casa-K,1
1,normal,15,pyme,casa-K,2
1,normal,15,pyme,casa-K,2
3,normal,10,pyme,casa-A,1
1,normal,15,pyme,casa-K,1
1,normal,15,pyme,casa-K,2
1,normal,15,pyme,casa-K,3
1,normal,15,pyme,casa-K,3
3,normal,10,pyme,casa-A,1
1,normal,15,pyme,casa-K,1,2020-10-17 14:18:26
5,normal,8,pyme,casa-E,1,2020-10-17 14:18:26
1,normal,15,pyme,casa-K,1,2020-10-17 14:36:48
5,normal,8,pyme,casa-E,1,0
1,normal,15,pyme,casa-K,1,2020-10-17 16:53:47
6,normal,50,pyme,casa-B,1,2020-10-17 16:53:47
14,normal,9,pyme,casa-C,1,0
3,normal,10,pyme,casa-A,1,2020-10-17 16:54:01
22,normal,11,pyme,casa-C,1,2020-10-17 16:54:15
24,normal,6,pyme,casa-A,1,2020-10-17 16:54:15
4,normal,10,pyme,casa-D,1,2020-10-17 16:54:29
7,normal,75,pyme,casa-N,1,2020-10-17 16:54:29
9,normal,20,pyme,casa-S,1,2020-10-17 16:54:43
11,normal,22,pyme,casa-R,1,2020-10-17 16:54:43
12,normal,90,pyme,casa-N,1,2020-10-17 16:54:57
15,normal,5,pyme,casa-C,1,2020-10-17 16:54:57
16,normal,4,pyme,casa-I,1,2020-10-17 16:56:29
17,normal,16,pyme,casa-E,1,2020-10-17 16:56:29
21,normal,9,pyme,casa-F,1,2020-10-17 16:56:41
23,normal,17,pyme,casa-U,1,0
25,normal,16,pyme,casa-X,1,2020-10-17 16:56:53
27,normal,10,pyme,casa-A,1,2020-10-17 16:56:53
28,normal,7,pyme,casa-Q,1,2020-10-17 16:57:05
29,normal,4,pyme,casa-B,1,2020-10-17 16:57:05
30,normal,5,pyme,casa-A,1,2020-10-17 16:57:17
31,normal,5,pyme,casa-L,1,2020-10-17 16:57:17
32,normal,6,pyme,casa-D,1,2020-10-17 16:57:29
1,normal,15,pyme,casa-K,1,2020-10-17 18:14:35
2,normal,8,pyme,casa-A,1,2020-10-17 18:14:35
1,normal,15,pyme,casa-K,1,2020-10-17 18:17:43
2,normal,8,pyme,casa-A,1,2020-10-17 18:17:43
